video_url,duration,description,hours,id,video_path
https://www.youtube.com/watch?v=7zdkLSPSwZc,28:18,4K Mt. FUJI Scenic Drive Fuji City to Fujinomiya City,0.4716666666666667,7zdkLSPSwZc,/nasdata/wjh/videos/0225/7zdkLSPSwZc.webm
https://www.youtube.com/watch?v=ElX7betnEU8,34:54,Virtual hike through Southern Wine Route | Essentials,0.5816666666666667,ElX7betnEU8,/nasdata/wjh/videos/0304/ElX7betnEU8.webm
https://www.youtube.com/watch?v=mS-A4tnwOSY,3:00,"80 Brentwood Road, North",0.05,mS-A4tnwOSY,/nasdata/wjh/videos/0309/mS-A4tnwOSY.mp4
https://www.youtube.com/watch?v=4-hsKmqCl_c,2:20,Classic Coaster front seat on-ride 5K POV @60fps Washington State Fair,0.0388888888888888,4-hsKmqCl_c,/nasdata/wjh/videos/0306/4-hsKmqCl_c.webm
https://www.youtube.com/watch?v=tWSzdjZ6ax0,4:32,280 Stonebridge Drive Markham Open House Video Tour,0.0755555555555555,tWSzdjZ6ax0,/nasdata/wjh/videos/0306/tWSzdjZ6ax0.mp4
https://www.youtube.com/watch?v=Gd0euW-_yLU,39:39,Walking in Vaasa Finland - Sunny Summer Day Walk in the City Center (7 Aug 2021),0.6608333333333334,Gd0euW-_yLU,/nasdata/wjh/videos/0306/Gd0euW-_yLU.webm
https://www.youtube.com/watch?v=Uq98brsYAkU,6:58,"Chimichurri - ÂÅΩÊ¥ãÊ∏ØÂ•≥ ""Hongkie"" Tonk Badonkadonk",0.1161111111111111,Uq98brsYAkU,/nasdata/wjh/videos/0306/Uq98brsYAkU.mp4
https://www.youtube.com/watch?v=JhILrmh8bRQ,2:39,How to Fix Bad Audio With AI | 2 Minute Tutorials,0.0441666666666666,JhILrmh8bRQ,/nasdata/wjh/videos/0311/JhILrmh8bRQ.webm
https://www.youtube.com/watch?v=cMi2CQN3mXo,5:04,"Salt Lake City, Utah | 4K Drone Footage",0.0844444444444444,cMi2CQN3mXo,/nasdata/wjh/videos/0306/cMi2CQN3mXo.webm
https://www.youtube.com/watch?v=g2R6eqoDm24,1:07,"314-1331 Queen Street East, Toronto, ON",0.0186111111111111,g2R6eqoDm24,/nasdata/wjh/videos/0225/g2R6eqoDm24.webm
https://www.youtube.com/watch?v=QVB4plo9Vuo,3:19,"10 Glenavon Road, Toronto, ON",0.0552777777777777,QVB4plo9Vuo,/nasdata/wjh/videos/0304/QVB4plo9Vuo.mp4
https://www.youtube.com/watch?v=nYWaDjr8sfs,18:40,"Train Station Sounds Paris, France Ambience Effects",0.3111111111111111,nYWaDjr8sfs,/nasdata/wjh/videos/0304/nYWaDjr8sfs.mp4
https://www.youtube.com/watch?v=16V1jmgJm2M,18:31,Happily Ever After NEW Fireworks Complete Show Walt Disney World Magic Kingdom! WOW!!!,0.3086111111111111,16V1jmgJm2M,/nasdata/wjh/videos/0304/16V1jmgJm2M.mp4
https://www.youtube.com/watch?v=oNqq1t_M8w8,1:44,West Coast Racers Roller Coaster Six Flags Magic Mountain 2019 - West Coast Customs,0.0288888888888888,oNqq1t_M8w8,/nasdata/wjh/videos/0304/oNqq1t_M8w8.mp4
https://www.youtube.com/watch?v=VehSa9iywOQ,20:08,"Inside this Stunning European Style House | 5 BEDS | 4.5 BATHS |  6,945 SQFT | Buckhead Atlanta",0.3355555555555555,VehSa9iywOQ,/nasdata/wjh/videos/0304/VehSa9iywOQ.webm
https://www.youtube.com/watch?v=beYlslwY7rg,4:30,"24 NORTH DRIVE, TORONTO",0.075,beYlslwY7rg,/nasdata/wjh/videos/0304/beYlslwY7rg.mp4
https://www.youtube.com/watch?v=twfoebqbtyc,47:09,COTSWOLDS Walk Through English History & Stunning Views - ENGLAND,0.7858333333333333,twfoebqbtyc,/nasdata/wjh/videos/0309_smaller/twfoebqbtyc.mp4
https://www.youtube.com/watch?v=ZCb_Mv1ksbw,55:05,Tokyo Kinshicho Christmas Lights Night Walk ‚Ä¢ 4K HDR,0.9180555555555556,ZCb_Mv1ksbw,/nasdata/wjh/videos/yt_local/ZCb_Mv1ksbw.mp4
https://www.youtube.com/watch?v=Q2eLO1rBjl4,5:29,"3820 Kinsale Rd, Pickering, Open House Video Tour",0.0913888888888888,Q2eLO1rBjl4,/nasdata/wjh/videos/0304/Q2eLO1rBjl4.mp4
https://www.youtube.com/watch?v=lhP7JR3V1Ww,59:00,"Beauty of Big Island's Nature, Hawaii for Vertical Displays -Relax Video with Soothing Nature Sounds",0.9833333333333332,lhP7JR3V1Ww,/nasdata/wjh/videos/0309_smaller/lhP7JR3V1Ww.mp4
https://www.youtube.com/watch?v=CQMbcwF4omk,2:47,Midwest Elegance | WayUp Media,0.0463888888888888,CQMbcwF4omk,/nasdata/wjh/videos/0304/CQMbcwF4omk.webm
https://www.youtube.com/watch?v=Wg_lFAuWzYo,12:21,"Inside my NEW $9,490,000 Luxury Waterfront Home in Fort Lauderdale! Florida Luxury Home Tours",0.2058333333333333,Wg_lFAuWzYo,/nasdata/wjh/videos/0304/Wg_lFAuWzYo.mp4
https://www.youtube.com/watch?v=d3h650rDrDE,1:27,Afterburner - Best Cinematic 5inch FPV Drone,0.0241666666666666,d3h650rDrDE,/nasdata/wjh/videos/yt_local/d3h650rDrDE.mp4
https://www.youtube.com/watch?v=DqqQzs5W6Co,1:38:38,"1 Hour Walking Tour Chichen Itza El Castillo Pyramid | Mayan Ruins | Yucat√°n, Mexico üá≤üáΩ | 4K Travel",1.643888888888889,DqqQzs5W6Co,/nasdata/wjh/videos/0309_smaller/DqqQzs5W6Co.webm
https://www.youtube.com/watch?v=NygN-GxxhrQ,1:17:19,THE TOP 7 GREATEST PERRY HOMES MODEL HOUSE TOURS NEAR HOUSTON (#4 IS MY PICK),1.288611111111111,NygN-GxxhrQ,/nasdata/wjh/videos/0309_smaller/NygN-GxxhrQ.webm
https://www.youtube.com/watch?v=16HC4CfvMkI,10:06,Gentle Waves Lapping A Rocky Shore | Calming Beach Ambience For Anxiety,0.1683333333333333,16HC4CfvMkI,/nasdata/wjh/videos/0304/16HC4CfvMkI.webm
https://www.youtube.com/watch?v=z68rEaxvAos,2:05,"1160 Claredale Rd Mississauga, ON",0.0347222222222222,z68rEaxvAos,/nasdata/wjh/videos/0304/z68rEaxvAos.mp4
https://www.youtube.com/watch?v=cjf8cUqnujg,9:12,Á≥ñÈÜãÊùæÂ≠êÈ≠ö - Ê≤≥Ëüπ Sweet and Sour Fish - Why not China,0.1533333333333333,cjf8cUqnujg,/nasdata/wjh/videos/0304/cjf8cUqnujg.mp4
https://www.youtube.com/watch?v=lwhchm-UOkc,48:02,Early morning walk Oxford. Sunrise & Historic Buildings.,0.8005555555555556,lwhchm-UOkc,/nasdata/wjh/videos/0309_smaller/lwhchm-UOkc.mp4
https://www.youtube.com/watch?v=X-6z0pv9cwE,43:48,Amazing Landscapes & Wildlife of New Zealand in 4K HDR - Scenic Nature Film + Real Sounds & Music,0.73,X-6z0pv9cwE,/nasdata/wjh/videos/0306/X-6z0pv9cwE.webm
https://www.youtube.com/watch?v=lag_TkCHCYc,1:56,Monte Pino - Olbia - dal drone,0.0322222222222222,lag_TkCHCYc,/nasdata/wjh/videos/0306/lag_TkCHCYc.mp4
https://www.youtube.com/watch?v=g6-XEsIvgwE,6:25,We Flew the Millennium Falcon! Smugglers Run Onride POV Ridercam Star Wars Galaxy's Edge Disneyland,0.1069444444444444,g6-XEsIvgwE,/nasdata/wjh/videos/0306/g6-XEsIvgwE.mp4
https://www.youtube.com/watch?v=zorOGHL528w,18:32,"Exploring a ¬£4,000,000 British Country House | Swimming Pool, Helicopter Access, Wedding Venue",0.3088888888888889,zorOGHL528w,/nasdata/wjh/videos/0306/zorOGHL528w.mp4
https://www.youtube.com/watch?v=oiuLZlk0N14,18:43,ULTRA MODERN Home w/ Futuristic Features Cooler Than Any I'VE SEEN!,0.3119444444444444,oiuLZlk0N14,/nasdata/wjh/videos/yt_local/oiuLZlk0N14.mp4
https://www.youtube.com/watch?v=EkfqGH1MBfU,0:46,"Drone Flying Out To Sea | Motu Tane Island | Bora Bora, French Polynesia üáµüá´ | 4K Travel",0.0127777777777777,EkfqGH1MBfU,/nasdata/wjh/videos/0304/EkfqGH1MBfU.webm
https://www.youtube.com/watch?v=iTCJ7kS6rqI,14:16,"Inside a ¬£7,000,000 Chelsea Footballer's Former Surrey Home",0.2377777777777777,iTCJ7kS6rqI,/nasdata/wjh/videos/0306/iTCJ7kS6rqI.mp4
https://www.youtube.com/watch?v=Z2W7ePi4aX4,1:22:33,Enchanting Snowfall Night Walk ‚òÉÔ∏è Christmas in Finland - Slow TV 4K,1.3758333333333337,Z2W7ePi4aX4,/nasdata/wjh/videos/yt_local/Z2W7ePi4aX4.mp4
https://www.youtube.com/watch?v=qx48lb03UlI,4:27,"197 Southcrest Dr, Seagrave (City of Kawartha Lakes) - Open House Video Tour",0.0741666666666666,qx48lb03UlI,/nasdata/wjh/videos/0306/qx48lb03UlI.mp4
https://www.youtube.com/watch?v=dn-3WxXzd0k,34:24,[ VR360 ] Hanazono Shrine Festival - Shinjuku - Ëä±ÂúíÁ•ûÁ§æ‰æãÂ§ßÁ•≠,0.5733333333333334,dn-3WxXzd0k,/nasdata/wjh/videos/0306/dn-3WxXzd0k.webm
https://www.youtube.com/watch?v=hbePs08VVcw,1:42,BAL PEACE È¶≥Êò• l 4K,0.0283333333333333,hbePs08VVcw,/nasdata/wjh/videos/0304/hbePs08VVcw.webm
https://www.youtube.com/watch?v=bx5CXnDcS6A,50:02,"Helmsdale Village Walk, Scottish Countryside 4K",0.8338888888888889,bx5CXnDcS6A,/nasdata/wjh/videos/0309_smaller/bx5CXnDcS6A.mp4
https://www.youtube.com/watch?v=hfDJ2fQ1FNs,24:38,"Summer Sunset walk in Helsinki, Finland ‚õµ 3D Audio 4K UHD",0.4105555555555555,hfDJ2fQ1FNs,/nasdata/wjh/videos/0304/hfDJ2fQ1FNs.webm
https://www.youtube.com/watch?v=1Ti1TCIwUrk,36:38,Morcote ÊòØÁëûÂ£´ÊúÄÂ•ΩÁöÑÊùëËéäüá®üá≠ ÁëûÂ£´Â§™Ê£í‰∫ÜÔºÅ 4K Ê≠•Ë°å,0.6105555555555555,1Ti1TCIwUrk,/nasdata/wjh/videos/0304/1Ti1TCIwUrk.webm
https://www.youtube.com/watch?v=Q9GMRKyli7I,54:18,Night Walk in Teheran-ro and Bongeunsa Temple | Seoul Walker 4K HDR,0.905,Q9GMRKyli7I,/nasdata/wjh/videos/0309_smaller/Q9GMRKyli7I.webm
https://www.youtube.com/watch?v=pOLyIN5P5To,2:24,"46 Montclair Avenue, Toronto",0.04,pOLyIN5P5To,/nasdata/wjh/videos/0306/pOLyIN5P5To.webm
https://www.youtube.com/watch?v=B4udb2MWZsU,45:29,Driving Through Swiss Alps to French Alps | Driving from Chamonix to Switzerland [4K HDR],0.7580555555555556,B4udb2MWZsU,/nasdata/wjh/videos/0304/B4udb2MWZsU.webm
https://www.youtube.com/watch?v=tjaeQ2wUIUc,15:12,"Inside a $20,000,000 New York Townhouse In The West Village",0.2533333333333333,tjaeQ2wUIUc,/nasdata/wjh/videos/0304/tjaeQ2wUIUc.mp4
https://www.youtube.com/watch?v=VDdfm7s1Rjk,12:10,"Lacock Abbey a quiet, serene morning walk",0.2027777777777777,VDdfm7s1Rjk,/nasdata/wjh/videos/0306/VDdfm7s1Rjk.webm
https://www.youtube.com/watch?v=iVdMvBDw_QM,6:36,LEGOLAND Florida Roller Coasters! Front Seat POV!,0.11,iVdMvBDw_QM,/nasdata/wjh/videos/0304/iVdMvBDw_QM.mp4
https://www.youtube.com/watch?v=oHiBeQ5C7FQ,2:38,See Inside This $4.5 Million Extraordinary Masterpiece | WayUp Media,0.0438888888888888,oHiBeQ5C7FQ,/nasdata/wjh/videos/0304/oHiBeQ5C7FQ.webm
https://www.youtube.com/watch?v=aEqiopnh8EM,20:15,Maldives seaplane flight in VIP aircraft (AMAZING views in 4K UHD),0.3374999999999999,aEqiopnh8EM,/nasdata/wjh/videos/0304/aEqiopnh8EM.webm
https://www.youtube.com/watch?v=2OKDrc9LQPE,29:34,Lufthansa A330 Business Class Frankfurt to Maldives,0.4927777777777777,2OKDrc9LQPE,/nasdata/wjh/videos/0304/2OKDrc9LQPE.mp4
https://www.youtube.com/watch?v=3ai7SUaPoHM,54:11,Driving Toronto 4K HDR - Toronto's Midtown Manhattan - Harbourfront to Downtown Yonge,0.9030555555555556,3ai7SUaPoHM,/nasdata/wjh/videos/0309_smaller/3ai7SUaPoHM.webm
https://www.youtube.com/watch?v=8BdaqCWPQrE,19:13,"Gruy√®res - Most Charming medieval town in Switzerland - A Unique Architectural Town , Fribourg",0.3202777777777778,8BdaqCWPQrE,/nasdata/wjh/videos/0306/8BdaqCWPQrE.webm
https://www.youtube.com/watch?v=cetU4iC2eCQ,13:53,St. Lawrence Market Virtual Walk2021 | World's Best Food Market | 4k Walking Tour with City Sounds,0.2313888888888889,cetU4iC2eCQ,/nasdata/wjh/videos/0304/cetU4iC2eCQ.webm
https://www.youtube.com/watch?v=4xsDpOQqafs,35:22,[4K] ÈáçÂ∫ÜÂçÅÂÖ´Ê¢ØÂ§úÊôöÊ≠•Ë°å„ÄÇ,0.5894444444444444,4xsDpOQqafs,/nasdata/wjh/videos/0304/4xsDpOQqafs.mp4
https://www.youtube.com/watch?v=_EPOq5Y3jsM,35:39,"üêÑüè†üå≥üå∑üå∫ Lauterbrunnen Switzerland, Paradise on Earth | #swiss #swissview",0.5941666666666667,_EPOq5Y3jsM,/nasdata/wjh/videos/0309/_EPOq5Y3jsM.webm
https://www.youtube.com/watch?v=fHffVX4STlA,9:24,Rock House State Park Virtual Run in 4k - Beautiful Rock Formations,0.1566666666666666,fHffVX4STlA,/nasdata/wjh/videos/0225/fHffVX4STlA.webm
https://www.youtube.com/watch?v=knx7RYNM2m4,2:49,"Sunset drone flight deep in Amazon Jungle, Bolivia",0.0469444444444444,knx7RYNM2m4,/nasdata/wjh/videos/0304/knx7RYNM2m4.webm
https://www.youtube.com/watch?v=mikIZSQsRT0,2:11,PH1203 - 560 King Street West,0.0363888888888888,mikIZSQsRT0,/nasdata/wjh/videos/0304/mikIZSQsRT0.webm
https://www.youtube.com/watch?v=CxwJrzEdw1U,1:00:56,Norway 4K - Scenic Relaxation Film with Calming Music,1.0155555555555555,CxwJrzEdw1U,/nasdata/wjh/videos/0309_smaller/CxwJrzEdw1U.mp4
https://www.youtube.com/watch?v=h4nzoZ7SPUg,2:16,"11 Valecrest Drive, Toronto, ON",0.0377777777777777,h4nzoZ7SPUg,/nasdata/wjh/videos/0304/h4nzoZ7SPUg.webm
https://www.youtube.com/watch?v=XA34x1o53Ek,1:28:53,4K‰∏≠ÂõΩË°óÊôØÔΩú‰∏≠ÂõΩÊúÄÁæé‰∏ΩÁöÑÊµ∑Êª®ÂüéÂ∏Ç‰πã‰∏Ä-Âπø‰∏úÁúÅÁè†Êµ∑Â∏Ç,1.481388888888889,XA34x1o53Ek,/nasdata/wjh/videos/0309_smaller/XA34x1o53Ek.webm
https://www.youtube.com/watch?v=_F2kSFjYXBk,5:54,71 Reddenhurst Cres Georgina Open House Video Tour,0.0983333333333333,_F2kSFjYXBk,/nasdata/wjh/videos/0304/_F2kSFjYXBk.mp4
https://www.youtube.com/watch?v=mXdlqiJZctY,25:18,üá®üá≠ÁëûÂ£´ÁßãÂ≠£Ëá™È©æüìçÁëûÂ£´Â∏ÉÈáåÊÅ©Ëå®Êùë,0.4216666666666667,mXdlqiJZctY,/nasdata/wjh/videos/0304/mXdlqiJZctY.mp4
https://www.youtube.com/watch?v=hPw_p-RmqpQ,1:39,Predator AWESOME Indoor Low Light Camera Roller Coaster POV IMG Worlds Dubai UAE #RollerCoaster,0.0275,hPw_p-RmqpQ,/nasdata/wjh/videos/0304/hPw_p-RmqpQ.webm
https://www.youtube.com/watch?v=_6plyxIyE7w,4:13,"160 MacDonell Avenue, Toronto, ON",0.0702777777777777,_6plyxIyE7w,/nasdata/wjh/videos/0306/_6plyxIyE7w.mp4
https://www.youtube.com/watch?v=leVyVKQMoKQ,1:02,Let's Ride Grona Lund's Lady Bug Roller Coaster! Little Coaster... BIG Fun!,0.0172222222222222,leVyVKQMoKQ,/nasdata/wjh/videos/0304/leVyVKQMoKQ.webm
https://www.youtube.com/watch?v=lsryfLBGg5A,49:54,OUR FIRST HOME | A Nancy Meyers-Inspired Home in California,0.8316666666666667,lsryfLBGg5A,/nasdata/wjh/videos/yt_local/lsryfLBGg5A.mp4
https://www.youtube.com/watch?v=vE2K6kescj4,26:24,"Helsinki, Finland ‚òÇÔ∏è Melancholic Rainy Night Walk",0.44,vE2K6kescj4,/nasdata/wjh/videos/0304/vE2K6kescj4.webm
https://www.youtube.com/watch?v=d0ZnG7lgDIk,26:16,"Lungern, a fantastic Swiss village with a magical lake üá®üá≠ Switzerland [4K]",0.4377777777777777,d0ZnG7lgDIk,/nasdata/wjh/videos/0304/d0ZnG7lgDIk.webm
https://www.youtube.com/watch?v=A5Lwl5efLFY,2:42,NEW YORK CITY Walking Tour [4K] - BROADWAY (Short Video),0.045,A5Lwl5efLFY,/nasdata/wjh/videos/0304/A5Lwl5efLFY.webm
https://www.youtube.com/watch?v=YNZHYrjViCw,36:24,London Drive in Camden and North West London | Euston to Camden Town and Regent Street [4K HDR],0.6066666666666667,YNZHYrjViCw,/nasdata/wjh/videos/0304/YNZHYrjViCw.webm
https://www.youtube.com/watch?v=sP0-gJFMozA,1:54,"413-816 Lansdowne Avenue, Toronto, ON",0.0316666666666666,sP0-gJFMozA,/nasdata/wjh/videos/0304/sP0-gJFMozA.webm
https://www.youtube.com/watch?v=rFthS5rVE80,47:29,Âú®Âç∞Â∫¶ÂåóÊñπÈÇ¶ JHANSI„ÄÅ‡§ù‡§æ‡§Ç‡§∏‡•Ä È©æÈ©∂ I 4K 60fps,0.7913888888888889,rFthS5rVE80,/nasdata/wjh/videos/0309_smaller/rFthS5rVE80.webm
https://www.youtube.com/watch?v=95zeyk_LLN8,5:40,SBB Rbe 540 Ersatzzug Olten - Burgdorf - Bern mitfahrt,0.0944444444444444,95zeyk_LLN8,/nasdata/wjh/videos/0306/95zeyk_LLN8.mp4
https://www.youtube.com/watch?v=ThHy1TceQos,20:27,"599,000 ÁæéÂÖÉ 2019 NAUTITECH OPEN 40 Âèå‰ΩìËàπÊ∏∏Ëâá‰πãÊóÖ/Âø´ÈÄüËà™Ë°åÊÄßËÉΩ 18 ËäÇ UNDER SAIL",0.3408333333333333,ThHy1TceQos,/nasdata/wjh/videos/0304/ThHy1TceQos.mp4
https://www.youtube.com/watch?v=KgALkye8too,5:34,"50 Juno Crescent, Sutton (Georgina) - Open House Video Tour",0.0927777777777777,KgALkye8too,/nasdata/wjh/videos/0306/KgALkye8too.webm
https://www.youtube.com/watch?v=gUsc6nv9VqI,40:04,Gornergrat bahn È©¨ÁâπÂÆèÂ≥∞ÈìÅË∑Ø |ÈááÂ∞îÈ©¨ÁâπÁëûÂ£´ÁÅ´ËΩ¶‰πãÊóÖ |ÊªëÈõ™Â§©Â†Ç 4K 60fps,0.6677777777777777,gUsc6nv9VqI,/nasdata/wjh/videos/0304/gUsc6nv9VqI.webm
https://www.youtube.com/watch?v=pq5euwb0of4,1:49,"2229 Lawrence Avenue West, Toronto, ON",0.0302777777777777,pq5euwb0of4,/nasdata/wjh/videos/0306/pq5euwb0of4.webm
https://www.youtube.com/watch?v=34KHom0XzXw,5:55,Jordan Dec 2019,0.0986111111111111,34KHom0XzXw,/nasdata/wjh/videos/0304/34KHom0XzXw.webm
https://www.youtube.com/watch?v=mUWFHkbiaUA,6:16,‰∏äÊµ∑ÊùæÊ±üÂçÄ Âª£ÂØåÊûóÈÅ∫ÂùÄ Á©∫Êãç Ëà™Êãç l SHANGHAI CHINA Drone 4K ULTRA HD 60FPS l Â∞èËéä,0.1044444444444444,mUWFHkbiaUA,/nasdata/wjh/videos/0304/mUWFHkbiaUA.webm
https://www.youtube.com/watch?v=Dv8QSpQZMnI,3:10,Poncione d' Alnasca | Wingsuit Flight | Swiss üá®üá≠,0.0527777777777777,Dv8QSpQZMnI,/nasdata/wjh/videos/0304/Dv8QSpQZMnI.webm
https://www.youtube.com/watch?v=l3ul5pmz-B4,2:30,"Newport Beach, California",0.0416666666666666,l3ul5pmz-B4,/nasdata/wjh/videos/0304/l3ul5pmz-B4.mp4
https://www.youtube.com/watch?v=6z7k8ddtt3c,1:55:58,"Rome, Italy üáÆüáπ - Summer Walk ‚òÄÔ∏è - 4K-HDR Walking Tour (‚ñ∂115min)",1.9327777777777777,6z7k8ddtt3c,/nasdata/wjh/videos/0311_smaller/6z7k8ddtt3c.webm
https://www.youtube.com/watch?v=MSACeya8yPI,1:28,Exeter Christmas Lights Switch on | Bad Wolf Horizon,0.0244444444444444,MSACeya8yPI,/nasdata/wjh/videos/0304/MSACeya8yPI.mp4
https://www.youtube.com/watch?v=XsURFJtOj24,21:12,ÊàëÂÄëÂ¶Ç‰ΩïÁµÑÁπîÂíå‰πòÂì°Âú®Â∑¥ÂìàÈ¶¨ÁöÑÂüÉÂÖãËòáÈ¶¨Áæ§Â≥∂‰πòÂùêÈõôÈ´îËàπÈÅäËâáÂ∫¶ÂÅá-Á¨¨‰∏ÄÈÉ®ÂàÜ,0.3533333333333333,XsURFJtOj24,/nasdata/wjh/videos/0306/XsURFJtOj24.mp4
https://www.youtube.com/watch?v=2Pqpb930jRA,1:43:51,SWISS - Top 10 Most Beautiful Villages in Switzerland ‚Äò You Must Visit -  4K  (15),1.7308333333333334,2Pqpb930jRA,/nasdata/wjh/videos/0309_smaller/2Pqpb930jRA.mp4
https://www.youtube.com/watch?v=0ohT1Qw-bLY,43:50,A Sunny Day In New York City - Walking Broadway Manhattan NYC To Times Square,0.7305555555555555,0ohT1Qw-bLY,/nasdata/wjh/videos/0304/0ohT1Qw-bLY.webm
https://www.youtube.com/watch?v=1Fuyi3R12bs,19:32,Santorini Helicopter Flight | Stunning Landscapes in 4K!,0.3255555555555555,1Fuyi3R12bs,/nasdata/wjh/videos/0306/1Fuyi3R12bs.mp4
https://www.youtube.com/watch?v=vsZu7QM8Nhs,55:56,Helsinki Suburbs Snowfall Walk ‚òÉÔ∏è FINLAND - Slow TV 4K,0.9322222222222222,vsZu7QM8Nhs,/nasdata/wjh/videos/0309_smaller/vsZu7QM8Nhs.mp4
https://www.youtube.com/watch?v=C2hCcoQqtz4,3:14,20 Connable Drive.mp4,0.0538888888888888,C2hCcoQqtz4,/nasdata/wjh/videos/0304/C2hCcoQqtz4.mp4
https://www.youtube.com/watch?v=dDrMzrkPKZU,28:17,"Belmond Hotel Splendido (Portofino, Italy): ICONIC 5-star hotel - full tour",0.4713888888888889,dDrMzrkPKZU,/nasdata/wjh/videos/0304/dDrMzrkPKZU.mp4
https://www.youtube.com/watch?v=8wr-wgr_1ao,9:21,SPECTACULAR helicopter flight to the most luxurious hotel on the planet!,0.1558333333333333,8wr-wgr_1ao,/nasdata/wjh/videos/0306/8wr-wgr_1ao.mp4
https://www.youtube.com/watch?v=WCTXVJ3cDws,8:53,"Driving the Gorges de la M√©ouge, France",0.1480555555555555,WCTXVJ3cDws,/nasdata/wjh/videos/0306/WCTXVJ3cDws.webm
https://www.youtube.com/watch?v=YNAdzvW-ZTc,30:02,"City Market Ambience Mercado Central, Valencia, Spain 3D",0.5005555555555555,YNAdzvW-ZTc,/nasdata/wjh/videos/0306/YNAdzvW-ZTc.mp4
https://www.youtube.com/watch?v=oIMtgLcELzw,55:15,[36.1] Maroon Bells Bike Ride Ambient Sound,0.9208333333333332,oIMtgLcELzw,/nasdata/wjh/videos/0309_smaller/oIMtgLcELzw.mp4
https://www.youtube.com/watch?v=hkD1bmZ9vjs,2:16,"65 Northern Dancer Drive, Oshawa, ON",0.0377777777777777,hkD1bmZ9vjs,/nasdata/wjh/videos/0306/hkD1bmZ9vjs.webm
https://www.youtube.com/watch?v=7LmR5QQ46Wg,4:35,INSIDE A SECLUDED CABIN IN GEORGIA / FIREFLY MOUNTAIN,0.0763888888888889,7LmR5QQ46Wg,/nasdata/wjh/videos/0304/7LmR5QQ46Wg.webm
https://www.youtube.com/watch?v=uqmLU5Q62NM,1:31,Every Mansion Should Have This!,0.0252777777777777,uqmLU5Q62NM,/nasdata/wjh/videos/0304/uqmLU5Q62NM.webm
https://www.youtube.com/watch?v=laZc5F1mbNw,5:42,"3 Illingworth Lane, Ajax - Open House Video Tour",0.095,laZc5F1mbNw,/nasdata/wjh/videos/0304/laZc5F1mbNw.mp4
https://www.youtube.com/watch?v=vCPEkO4_Exw,16:10,Early American Home Design Is Unlike Anything I‚Äôve Ever Toured!,0.2694444444444444,vCPEkO4_Exw,/nasdata/wjh/videos/0306/vCPEkO4_Exw.webm
https://www.youtube.com/watch?v=gk-HMPx8K5k,2:10,DeSoto Falls Alabama 4K Drone Video,0.0361111111111111,gk-HMPx8K5k,/nasdata/wjh/videos/0304/gk-HMPx8K5k.webm
https://www.youtube.com/watch?v=r0WlekCUzsk,1:02:33,Snow Walk in Finland Cultural Area  - Slow TV 4K,1.0425000000000002,r0WlekCUzsk,/nasdata/wjh/videos/0309_smaller/r0WlekCUzsk.webm
https://www.youtube.com/watch?v=BRp3xTdrOgo,1:26,"312 - 30 Nelson Street, Toronto",0.0238888888888888,BRp3xTdrOgo,/nasdata/wjh/videos/0225/BRp3xTdrOgo.webm
https://www.youtube.com/watch?v=8ERwXInIVC4,1:04:21,"4K City Walks:  Edinburgh, Scotland To Leith - Virtual Walk Walking Treadmill Video",1.0725,8ERwXInIVC4,/nasdata/wjh/videos/0311_smaller/8ERwXInIVC4.webm
https://www.youtube.com/watch?v=iucXkaZDz88,4:15,36 Batt Cres Ajax Open House Video Tour,0.0708333333333333,iucXkaZDz88,/nasdata/wjh/videos/0306/iucXkaZDz88.mp4
https://www.youtube.com/watch?v=e50wmnyhk6E,1:14:42,Mont Ventoux from Sault (France) - Indoor Cycling Training,1.245,e50wmnyhk6E,/nasdata/wjh/videos/0311_smaller/e50wmnyhk6E.webm
https://www.youtube.com/watch?v=jt-kDMguvDg,44:07,Exploring Shibuya @ Night - ÊæÅË∞∑ - #4k #tokyo #japan,0.7352777777777777,jt-kDMguvDg,/nasdata/wjh/videos/0304/jt-kDMguvDg.webm
https://www.youtube.com/watch?v=es2TGNTbGTk,41:07,The Queen's Final CELEBRATION: 2022 Platinum Jubilee at Windsor Castle,0.6852777777777778,es2TGNTbGTk,/nasdata/wjh/videos/0304/es2TGNTbGTk.mp4
https://www.youtube.com/watch?v=i_cM9uUUNZY,54:40,Scenic Drive to the Grand Canyon 4K | Bright Angel Point Trail Hike | North Rim | Arizona,0.9111111111111112,i_cM9uUUNZY,/nasdata/wjh/videos/0309_smaller/i_cM9uUUNZY.webm
https://www.youtube.com/watch?v=wzChmPaSn30,32:38,"Early Morning Walk || Exploring Bagendon, COTSWOLDS Hidden Gem",0.5438888888888889,wzChmPaSn30,/nasdata/wjh/videos/0304/wzChmPaSn30.mp4
https://www.youtube.com/watch?v=AU4zX40WoGY,36:10,EUROSTAR First Class | Amsterdam to Paris at 300 km/h (Europe's fastest train!),0.6027777777777777,AU4zX40WoGY,/nasdata/wjh/videos/0304/AU4zX40WoGY.webm
https://www.youtube.com/watch?v=MK2Y11gdrjs,2:43,"723 Durie Street, Toronto, ON",0.0452777777777777,MK2Y11gdrjs,/nasdata/wjh/videos/0309/MK2Y11gdrjs.mp4
https://www.youtube.com/watch?v=gg4Pd-qRRe4,2:56,San Francisco LOCKDOWN üò∑  Covid-19 - USA üá∫üá∏ - by drone [4K],0.0488888888888888,gg4Pd-qRRe4,/nasdata/wjh/videos/0304/gg4Pd-qRRe4.webm
https://www.youtube.com/watch?v=2TKhfRIb0Hg,7:01,Driving Downtown - Cincinnati's Main Street 4K - USA,0.1169444444444444,2TKhfRIb0Hg,/nasdata/wjh/videos/0304/2TKhfRIb0Hg.webm
https://www.youtube.com/watch?v=q9vysjM7jR4,10:57,EXPLORING THE LAND OF THE DRAGONS (Komodo Part 1),0.1825,q9vysjM7jR4,/nasdata/wjh/videos/0304/q9vysjM7jR4.mp4
https://www.youtube.com/watch?v=4XxEuPtoU1g,1:04:29,"„Äê4K„ÄëWalking in the Rain - Downtown Vancouver,  West EndÔºàJAN 7, 2023Ôºâ| CANADA (Binaural City Sounds)",1.074722222222222,4XxEuPtoU1g,/nasdata/wjh/videos/0311_smaller/4XxEuPtoU1g.webm
https://www.youtube.com/watch?v=aURR4C5w0FU,22:07,"Iseltwald, Switzerland 4K - A Heavenly Beautiful Village in Switzerland | Walking Tour, Travel Vlog",0.3686111111111111,aURR4C5w0FU,/nasdata/wjh/videos/0304/aURR4C5w0FU.webm
https://www.youtube.com/watch?v=jEyaMTdV8f4,55:40,Virtual Run - Explore Oslo Norway From Your Treadmill Workout,0.9277777777777776,jEyaMTdV8f4,/nasdata/wjh/videos/0311_smaller/jEyaMTdV8f4.webm
https://www.youtube.com/watch?v=FPmkqnvuJGA,2:47,Pordoi cross | right line | 4K,0.0463888888888888,FPmkqnvuJGA,/nasdata/wjh/videos/0304/FPmkqnvuJGA.webm
https://www.youtube.com/watch?v=hrnwv_US8qo,14:24,"What ¬£3,395,000 buys you in Putney, London üá¨üáß (full tour)",0.24,hrnwv_US8qo,/nasdata/wjh/videos/0306/hrnwv_US8qo.mp4
https://www.youtube.com/watch?v=xAk6uO8aYdc,1:00:11,"Tropical Rain Forest Ambience - Light rain, Jungle and River sounds for ultimate relaxation",1.0030555555555556,xAk6uO8aYdc,/nasdata/wjh/videos/0309_smaller/xAk6uO8aYdc.mp4
https://www.youtube.com/watch?v=p9XygwgJ6SI,40:53,Early Morning Cotswold Walk: A Quiet Stroll Through Historic Maugersbury,0.6813888888888888,p9XygwgJ6SI,/nasdata/wjh/videos/0306/p9XygwgJ6SI.mp4
https://www.youtube.com/watch?v=yWDqtBZwfmo,20:16,[4K] Naked Island Sandbar in Siargao Island Philippines üáµüá≠ Island Hopping Walking Tour Travel Guide,0.3377777777777777,yWDqtBZwfmo,/nasdata/wjh/videos/0304/yWDqtBZwfmo.webm
https://www.youtube.com/watch?v=12Od7xDZaJ8,1:38:53,"Snowy Hike on Mt. Sengamine through Woods and by Waterfalls | Hyogo, Japan 4K Mountain Ambience ASMR",1.6480555555555556,12Od7xDZaJ8,/nasdata/wjh/videos/0309_smaller/12Od7xDZaJ8.webm
https://www.youtube.com/watch?v=-Gevs-O0tIo,20:22,"1,750,000 ÁæéÂÖÉ 2006 Âπ¥ VICEM 85 ‚ÄúÂºÄÊõºÁ≤æÂçé‚Äù Downeast Custom SuperYacht Tour",0.3394444444444444,-Gevs-O0tIo,/nasdata/wjh/videos/0306/-Gevs-O0tIo.mp4
https://www.youtube.com/watch?v=WL0xNrvdySQ,29:56,[4K] Night Walk In The Rain | Walking Around Seoul Korea ÎπÑÏò§Îäî Ï†ÄÎÖÅÏùò Í≥†Ïñë ÎåÄÍ≥°Ïó≠,0.4988888888888889,WL0xNrvdySQ,/nasdata/wjh/videos/0304/WL0xNrvdySQ.webm
https://www.youtube.com/watch?v=myK0MyKqaRU,2:22,"48 Lillibet Rd, Toronto",0.0394444444444444,myK0MyKqaRU,/nasdata/wjh/videos/0304/myK0MyKqaRU.webm
https://www.youtube.com/watch?v=-IHnNUIuzKU,33:27,A Walkthrough 2024 DNC Protest | 4K HDR,0.5575,-IHnNUIuzKU,/nasdata/wjh/videos/0304/-IHnNUIuzKU.webm
https://www.youtube.com/watch?v=UUI_MFYxY24,14:00,"Inside a Breathtaking ¬£4,250,000 Mediterranean Inspired London Home",0.2333333333333333,UUI_MFYxY24,/nasdata/wjh/videos/0309/UUI_MFYxY24.mp4
https://www.youtube.com/watch?v=OjefYIVAmNA,55:09,Walking New York Downtown Brooklyn NY 4k - Fort Greene Boerum Hill Parkslope,0.9191666666666666,OjefYIVAmNA,/nasdata/wjh/videos/0309_smaller/OjefYIVAmNA.webm
https://www.youtube.com/watch?v=eQEvbThiOd0,39:30,"A Journey Through Time: Biddestone Village Walk, ENGLAND",0.6583333333333333,eQEvbThiOd0,/nasdata/wjh/videos/0306/eQEvbThiOd0.webm
https://www.youtube.com/watch?v=7AW68bRGO_g,13:29,Relaxing Walk & Talk - Redcliffe,0.2247222222222222,7AW68bRGO_g,/nasdata/wjh/videos/0304/7AW68bRGO_g.webm
https://www.youtube.com/watch?v=P0teYK5dN4Q,21:22,Custom 5 Bedroom Home w/ ULTIMATE Floor Plan (Literally PERFECT!!),0.3561111111111111,P0teYK5dN4Q,/nasdata/wjh/videos/0304/P0teYK5dN4Q.webm
https://www.youtube.com/watch?v=jlpzAvQ8t8s,2:12,"Grand Canyon, USA üá∫üá∏ - by drone [4K]",0.0366666666666666,jlpzAvQ8t8s,/nasdata/wjh/videos/0304/jlpzAvQ8t8s.webm
https://www.youtube.com/watch?v=7hkwGWqBASw,1:39:35,Million Dollar Highway Scenic Drive 4K | Silverton to Ouray & Montrose Colorado | San Juan Skyway,1.659722222222222,7hkwGWqBASw,/nasdata/wjh/videos/0309_smaller/7hkwGWqBASw.webm
https://www.youtube.com/watch?v=xCiVs2AlS9U,16:03,"Lucca, Tuscany, Italy üáÆüáπ | 4K HDR 60fps | City Walking Tour | Day & Night Culture | Ultra HD Travel",0.2675,xCiVs2AlS9U,/nasdata/wjh/videos/0304/xCiVs2AlS9U.webm
https://www.youtube.com/watch?v=grQgMhSuh-w,1:12,318-812 Lansdowne Avenue,0.02,grQgMhSuh-w,/nasdata/wjh/videos/0304/grQgMhSuh-w.mp4
https://www.youtube.com/watch?v=AYxYrD1-mYU,18:13,Rain Walking In The Forest - 4K Relaxing Walk In North Vancouver BC Canada,0.3036111111111111,AYxYrD1-mYU,/nasdata/wjh/videos/0304/AYxYrD1-mYU.webm
https://www.youtube.com/watch?v=SNYC9sdZI2s,28:01,A beautiful relaxing morning walk to historic Pevensey Castle,0.4669444444444444,SNYC9sdZI2s,/nasdata/wjh/videos/0304/SNYC9sdZI2s.webm
https://www.youtube.com/watch?v=itH2ZvQZC2M,3:13,How to find fish   Lone hunter   fishing skill   hand fishing,0.0536111111111111,itH2ZvQZC2M,/nasdata/wjh/videos/0304/itH2ZvQZC2M.mp4
https://www.youtube.com/watch?v=y7hrkjnlofs,37:58,Beautiful Summer Drive on a High Elevation Mountain Road in Switzerland: Grimsel Pass üá®üá≠,0.6327777777777778,y7hrkjnlofs,/nasdata/wjh/videos/0304/y7hrkjnlofs.webm
https://www.youtube.com/watch?v=jPJ0oyl9DDI,28:46,"Finland, Hamina (Fredrikshamn) Sightseeing Street Walk 4K, 3D Binaural",0.4794444444444444,jPJ0oyl9DDI,/nasdata/wjh/videos/0304/jPJ0oyl9DDI.webm
https://www.youtube.com/watch?v=gTag5WnhxQg,2:33,My Year 2020,0.0424999999999999,gTag5WnhxQg,/nasdata/wjh/videos/0304/gTag5WnhxQg.webm
https://www.youtube.com/watch?v=gdZKLbPNInc,50:12,"„Äê4K„ÄëVancouver City Walk on A Rainy Morning, Coal Harbour, Travel Canada 2023, Binaural City Sounds",0.8366666666666667,gdZKLbPNInc,/nasdata/wjh/videos/0309_smaller/gdZKLbPNInc.webm
https://www.youtube.com/watch?v=93bQT1TAvhY,8:12,"1922 Bonita Ave, Pickering - Open House Video Tour",0.1366666666666666,93bQT1TAvhY,/nasdata/wjh/videos/0304/93bQT1TAvhY.mp4
https://www.youtube.com/watch?v=UkU4nn7oc78,1:28,"804-23 Brant Street, Toronto, ON",0.0244444444444444,UkU4nn7oc78,/nasdata/wjh/videos/0225/UkU4nn7oc78.webm
https://www.youtube.com/watch?v=OZQxJvSAMLk,1:01:35,Kesswiler Seelauf üá®üá≠ Schweiz Wunderland | Laufband Laufen | Virtual Run #91,1.0263888888888888,OZQxJvSAMLk,/nasdata/wjh/videos/0311_smaller/OZQxJvSAMLk.webm
https://www.youtube.com/watch?v=_-7OTeokq2A,31:36,"Snow Walk in a small village in Finland, Binaural snow crunch 4K",0.5266666666666667,_-7OTeokq2A,/nasdata/wjh/videos/0304/_-7OTeokq2A.webm
https://www.youtube.com/watch?v=OvhGQNS0rKc,18:21,Newly Updated Private Retreat w/ Pool FOR SALE North of Atlanta | 6 BEDS | 5 BATHS,0.3058333333333333,OvhGQNS0rKc,/nasdata/wjh/videos/0306/OvhGQNS0rKc.webm
https://www.youtube.com/watch?v=UWrBoQPOmyw,59:54,Sabino Canyon Walking Tour - Tucson Area Virtual Treadmill Walk - 4k City Walks,0.9983333333333332,UWrBoQPOmyw,/nasdata/wjh/videos/0309_smaller/UWrBoQPOmyw.webm
https://www.youtube.com/watch?v=-3KupSRxk_4,8:21,"July Day to Day w/CLJ - 4th of July, Yellowstone Bear World, Horseback Riding",0.1391666666666666,-3KupSRxk_4,/nasdata/wjh/videos/0304/-3KupSRxk_4.mp4
https://www.youtube.com/watch?v=l81QEhBnZiw,17:29,INSIDE A ELEGANT LUXURIOUS HOME NEAR DALLAS TEXAS | 5 Bed | 5 Bath | 3 Car Garage | 4334 SqFt,0.2913888888888888,l81QEhBnZiw,/nasdata/wjh/videos/0306/l81QEhBnZiw.mp4
https://www.youtube.com/watch?v=4JQFdJRTs8Y,1:44,305-168 KING STREET E,0.0288888888888888,4JQFdJRTs8Y,/nasdata/wjh/videos/0306/4JQFdJRTs8Y.webm
https://www.youtube.com/watch?v=ocqlXmzJ9zA,25:41,ÊàëÂÄëÂú®Â∑¥ÂìàÈ¶¨ÁöÑÂüÉÂÖãËòáÈ¶¨ÊñØÁµÑÁπî‰∏¶‰πòËàπËà™Ë°åÈõôÈ´îËàπÈÅäËâáÁßüË≥É-Á¨¨2ÈÉ®ÂàÜ,0.4280555555555556,ocqlXmzJ9zA,/nasdata/wjh/videos/0304/ocqlXmzJ9zA.mp4
https://www.youtube.com/watch?v=QVWoJkBAtss,48:53,[4K] Seoul Digital Media City 6pm On The Way Home DMC Korea ÏÑúÏö∏ ÏÉÅÏïîÎèô ÎîîÏßÄÌÑ∏ÎØ∏ÎîîÏñ¥ÏãúÌã∞Ïùò Ï†ÄÎÖÅ Ìá¥Í∑ºÍ∏∏ÏùÑ Ìï®ÍªòÌï¥Ïöî,0.8147222222222222,QVWoJkBAtss,/nasdata/wjh/videos/0309_smaller/QVWoJkBAtss.webm
https://www.youtube.com/watch?v=qPgWV8Rxemo,50:52,Tokyo 4K - Driving Downtown - Tokyos Times Square,0.8477777777777779,qPgWV8Rxemo,/nasdata/wjh/videos/0309_smaller/qPgWV8Rxemo.mp4
https://www.youtube.com/watch?v=oHeju2-nACc,25:30,LUGANO SWITZERLANDüá®üá≠Charming Swiss City Walking Tour in Spring,0.425,oHeju2-nACc,/nasdata/wjh/videos/0225/oHeju2-nACc.webm
https://www.youtube.com/watch?v=XtssnXGThkk,1:05:07,Model Home Tour Marathon : Over 1 hour of Home Decor Inspiration,1.0852777777777778,XtssnXGThkk,/nasdata/wjh/videos/0309_smaller/XtssnXGThkk.webm
https://www.youtube.com/watch?v=EJamqKXFz9M,10:05,"1312 Dundas St, Burlington - Open House Video Tour",0.1680555555555555,EJamqKXFz9M,/nasdata/wjh/videos/0306/EJamqKXFz9M.mp4
https://www.youtube.com/watch?v=_Yx5Uf7o-O4,8:51,"Seattle day and night, Washington | 4K drone video",0.1475,_Yx5Uf7o-O4,/nasdata/wjh/videos/0304/_Yx5Uf7o-O4.webm
https://www.youtube.com/watch?v=KmBpZNArz8I,1:47:25,Âåó‰πùÂ∑û Â∞è‰ªì Êï£Ê≠•ÔºåÊó•Êú¨ [4K HDR],1.7902777777777776,KmBpZNArz8I,/nasdata/wjh/videos/0306_big/KmBpZNArz8I.webm
https://www.youtube.com/watch?v=qREQmJd8I_I,15:47,TOLL BROTHERS MODEL HOUSE TOUR NEAR HOUSTON TEXAS | CYPRESS TX | DREAM HOME,0.2630555555555555,qREQmJd8I_I,/nasdata/wjh/videos/0304/qREQmJd8I_I.webm
https://www.youtube.com/watch?v=H45SMHhiBPM,18:42,"BRAND NEW 2 STORY MODEL HOUSE TOUR IN SAN ANTONIO TEXAS | 4 Bed | 2.5 Bath | 2981 SqFt | $424,990+",0.3116666666666666,H45SMHhiBPM,/nasdata/wjh/videos/0304/H45SMHhiBPM.mp4
https://www.youtube.com/watch?v=WhBOjWXv4q0,6:33,What NOT to do in NEW YORK CITY,0.1091666666666666,WhBOjWXv4q0,/nasdata/wjh/videos/0306/WhBOjWXv4q0.mp4
https://www.youtube.com/watch?v=NVbLc6Eda5k,0:32,Museum Hotel | FPV,0.0088888888888888,NVbLc6Eda5k,/nasdata/wjh/videos/0304/NVbLc6Eda5k.webm
https://www.youtube.com/watch?v=bs16_6HMkA8,40:38,"Walking in the Rain, Zurich Switzerland | Rain And City Sounds",0.6772222222222222,bs16_6HMkA8,/nasdata/wjh/videos/0304/bs16_6HMkA8.webm
https://www.youtube.com/watch?v=aCcOXq05l6E,1:30:00,ÂçöËå®Áì¶Á∫≥Â••Âç°‰∏áÊàà‰∏âËßíÊ¥≤‰∏∞ÂØåÁöÑÈáéÁîüÂä®Áâ© - ÂÖ≥‰∫éÈáéÁîüÂä®Áâ©ÁöÑ 8K ÁîµÂΩ±,1.5,aCcOXq05l6E,/nasdata/wjh/videos/0309_smaller/aCcOXq05l6E.mp4
https://www.youtube.com/watch?v=2HDKlF9UgHA,1:00:50,Czechia 4K - Scenic Relaxation Film With Calming Music,1.0138888888888888,2HDKlF9UgHA,/nasdata/wjh/videos/0311_smaller/2HDKlF9UgHA.mp4
https://www.youtube.com/watch?v=3j64BstWKAE,9:47,Korea Rain Drive Expressway Ambience ASMR,0.1630555555555555,3j64BstWKAE,/nasdata/wjh/videos/0304/3j64BstWKAE.webm
https://www.youtube.com/watch?v=z9VvxDI_XrY,21:50,Tyrollean Alps Road Trip - Badgastein to Zell am See,0.3638888888888889,z9VvxDI_XrY,/nasdata/wjh/videos/0304/z9VvxDI_XrY.mp4
https://www.youtube.com/watch?v=1l8jSJk74I0,2:02,NEW YORK CITY Walking Tour [4K] - BROOKLYN - FORT GREENE (Short Video),0.0338888888888888,1l8jSJk74I0,/nasdata/wjh/videos/yt_local/1l8jSJk74I0.mp4
https://www.youtube.com/watch?v=fEXjbio4dCw,21:08,INSIDE THE PERFECT LUXURY HOUSE W/ AN OUTDOOR BATHROOM ON OVER 2 ACRES FOR ONLY $1.15M,0.3522222222222222,fEXjbio4dCw,/nasdata/wjh/videos/0306/fEXjbio4dCw.webm
https://www.youtube.com/watch?v=5e_8-kb0fqk,31:19,"CHRISTMAS HOME TOUR | A Chic, Paris-Inspired NYC Apartment with A Lofted Bedroom",0.5219444444444445,5e_8-kb0fqk,/nasdata/wjh/videos/0225/5e_8-kb0fqk.webm
https://www.youtube.com/watch?v=6NmFw_GX5t0,1:57:34,ÂêçÂè§Â±ã ÊúâÊùæ Êï£Ê≠•ÔºåÊó•Êú¨ [4K HDR],1.9594444444444443,6NmFw_GX5t0,/nasdata/wjh/videos/0309_smaller/6NmFw_GX5t0.webm
https://www.youtube.com/watch?v=KmI2TQSqSls,28:47,„Äê4K/60fps„ÄëTokyo Station - Yaesu exit & Marunouchi exit walking tour,0.4797222222222222,KmI2TQSqSls,/nasdata/wjh/videos/0304/KmI2TQSqSls.webm
https://www.youtube.com/watch?v=vL54DLW5uFc,2:23:49,"2 Hours of Heavy Snow Night Walk in Tokyo, Japan ‚Ä¢ 4K HDR",2.3969444444444443,vL54DLW5uFc,/nasdata/wjh/videos/0225/vL54DLW5uFc.mp4
https://www.youtube.com/watch?v=hXl8GSNmfGM,28:46,üèùÔ∏è‚õµüèñÔ∏è A Fairy-tale Place in Switzerland from a Storybook: Lake Lungern 4K HDR | #swiss #swissview,0.4794444444444444,hXl8GSNmfGM,/nasdata/wjh/videos/0304/hXl8GSNmfGM.webm
https://www.youtube.com/watch?v=eKFZqH98iIw,17:31,Âú∞‰∏≠Êµ∑ÂÇ≥Â•áËôü MSC Meraviglia Ship Tour,0.2919444444444444,eKFZqH98iIw,/nasdata/wjh/videos/0306/eKFZqH98iIw.mp4
https://www.youtube.com/watch?v=aTYCTjhO-7Y,10:03,Spring is here in Switzerland üá®üá≠ Swiss View ‚òòÔ∏èüå∏ #SpringSwitzerland,0.1674999999999999,aTYCTjhO-7Y,/nasdata/wjh/videos/0304/aTYCTjhO-7Y.webm
https://www.youtube.com/watch?v=UxEkW2QgdaY,9:39,"San Francisco, USA üá∫üá∏ - by drone [4K]",0.1608333333333333,UxEkW2QgdaY,/nasdata/wjh/videos/0306/UxEkW2QgdaY.webm
https://www.youtube.com/watch?v=j65--DARTzk,40:20,DRIVING  IN  SWISS ALPS,0.6722222222222222,j65--DARTzk,/nasdata/wjh/videos/0304/j65--DARTzk.webm
https://www.youtube.com/watch?v=GwnnojUAQew,3:26,Wild Thing Roller Coaster Front Seat POV Valleyfair! Amusement Park,0.0572222222222222,GwnnojUAQew,/nasdata/wjh/videos/0306/GwnnojUAQew.mp4
https://www.youtube.com/watch?v=n7Sl_CyO9Tg,4:44,19 Archimedes Court Toronto Open House Video Tour,0.0788888888888888,n7Sl_CyO9Tg,/nasdata/wjh/videos/0304/n7Sl_CyO9Tg.mp4
https://www.youtube.com/watch?v=p7YwN0qY_n0,37:37,ASMR | Winter forest walk | German countryside,0.6269444444444445,p7YwN0qY_n0,/nasdata/wjh/videos/0306/p7YwN0qY_n0.webm
https://www.youtube.com/watch?v=VxD7GaoM-s0,3:21,"1215 Bayly St, Unit 402, Pickering - Open House Video Tour",0.0558333333333333,VxD7GaoM-s0,/nasdata/wjh/videos/0306/VxD7GaoM-s0.mp4
https://www.youtube.com/watch?v=On_lxD47mFc,34:52,Âú®Á≤æËá¥ÁöÑÊØî‰ΩõÂà©Â±±Â∫ÑÁé∞‰ª£Ë±™ÂÆÖÂÜÖ,0.5811111111111111,On_lxD47mFc,/nasdata/wjh/videos/0304/On_lxD47mFc.mp4
https://www.youtube.com/watch?v=9caRX7kqXPw,1:32:15,Heavy Rain Walk NYC 2024 Umbrella Rain Sounds For Sleeping,1.5375,9caRX7kqXPw,/nasdata/wjh/videos/0309_smaller/9caRX7kqXPw.webm
https://www.youtube.com/watch?v=4hsEylInAIs,3:47,"729 Spragge Cres, Cobourg - Open House Video Tour",0.0630555555555555,4hsEylInAIs,/nasdata/wjh/videos/0304/4hsEylInAIs.mp4
https://www.youtube.com/watch?v=dGsKBgLQPqc,33:12,[4K] Grand Canyon Virtual Walk | Treadmill Entertainment,0.5533333333333333,dGsKBgLQPqc,/nasdata/wjh/videos/0225/dGsKBgLQPqc.webm
https://www.youtube.com/watch?v=By8-67aWjzA,16:07,Gorgeous 2 Bedroom MODERN FARMHOUSE Complete w/ A Garden Room!,0.2686111111111111,By8-67aWjzA,/nasdata/wjh/videos/0304/By8-67aWjzA.mp4
https://www.youtube.com/watch?v=xk1LPgAUrQQ,3:58,"28 Carpendale Cres, Ajax - Open House Video Tour",0.0661111111111111,xk1LPgAUrQQ,/nasdata/wjh/videos/0304/xk1LPgAUrQQ.mp4
https://www.youtube.com/watch?v=-LZVQcVzht0,40:49,Mt. Fuji Japan - Wondering around Lake Kawaguchiko ‚Ä¢ 4K HDR,0.6802777777777778,-LZVQcVzht0,/nasdata/wjh/videos/0304/-LZVQcVzht0.webm
https://www.youtube.com/watch?v=UeajXrG7cmU,1:02:51,Êñ∞Â§ß‰πÖ‰øùÂæíÊ≠•‰πãÊóÖ‰ΩìÈ™å‰∏ú‰∫¨ÁöÑÂ§öÂÖÉÊñáÂåñ‰∏≠ÂøÉ|Êñ∞ÂÆøÂå∫ | 4K/HDR,1.0475,UeajXrG7cmU,/nasdata/wjh/videos/0309_smaller/UeajXrG7cmU.webm
https://www.youtube.com/watch?v=BVOLMHvmDC0,2:19,Can You Think Of More Things To Add To This Backyard?,0.0386111111111111,BVOLMHvmDC0,/nasdata/wjh/videos/0304/BVOLMHvmDC0.webm
https://www.youtube.com/watch?v=9UdUkmq6EiY,4:31,"98 Fernhill Blvd, Oshawa, bungalow for sale",0.0752777777777777,9UdUkmq6EiY,/nasdata/wjh/videos/0304/9UdUkmq6EiY.mp4
https://www.youtube.com/watch?v=snABIqXutWI,1:42,2020Ê°ÉÂúíËä±ÂΩ©ÁØÄ Â§ßÊ∫™,0.0283333333333333,snABIqXutWI,/nasdata/wjh/videos/0306/snABIqXutWI.mp4
https://www.youtube.com/watch?v=wNZb72hh94I,2:36,"11 Westleigh Crescent, Toronto, ON",0.0433333333333333,wNZb72hh94I,/nasdata/wjh/videos/0306/wNZb72hh94I.mp4
https://www.youtube.com/watch?v=XWfS0LmIje8,1:20,Polar Vortex in Chicago - Boiling Water Freezing in Mid Air And Deflating Balloon Experiments,0.0222222222222222,XWfS0LmIje8,/nasdata/wjh/videos/0304/XWfS0LmIje8.webm
