video_url,duration,description,hours,id
https://www.youtube.com/watch?v=EAmobO9VaM8,38:21,Amazing Virtual Hike for Vertical Screens 4K HDR - Treadmill Workout in Mercer Slough Nature Park,0.6391666666666667,EAmobO9VaM8
https://www.youtube.com/watch?v=YxUXU6Q35p0,1:45:18,Virtual Hike at Mount St Helens - 4K Vertically Oriented Walking Video - Harry's Ridge Trail,1.755,YxUXU6Q35p0
https://www.youtube.com/watch?v=649sAXuKCT4,6:14,Trains at Brussel Zuid,0.1038888888888888,649sAXuKCT4
https://www.youtube.com/watch?v=HMHslpGMNYE,15:59,SLB Pinzgauer Lokalbahn FÃ¼hrerstandsmitfahrt Mittersill - SchÃ¼ttdorf KitzsteinhornstraÃŸe (2/2),0.2663888888888889,HMHslpGMNYE
https://www.youtube.com/watch?v=pDGBE-TUB_M,26:48,SLB Pinzgauer Lokalbahn FÃ¼hrerstandsmitfahrt Mittersill - SchÃ¼ttdorf KitzsteinhornstraÃŸe (1/2),0.4466666666666666,pDGBE-TUB_M
https://www.youtube.com/watch?v=r-tuxadR2Go,1:43,Berlin Hauptbahnhof  ICE 792,0.0286111111111111,r-tuxadR2Go
https://www.youtube.com/watch?v=_L1sGlwi2oA,8:56,Train ride through the valley of the Rhein,0.1488888888888888,_L1sGlwi2oA
https://www.youtube.com/watch?v=0RuvIp_A8Zg,7:42,High Speed Railway line Frankfurt - Koln ICE 3,0.1283333333333333,0RuvIp_A8Zg
https://www.youtube.com/watch?v=SqxV4jeasG0,0:31,Train 2122 at Canyon of Lim River,0.0086111111111111,SqxV4jeasG0
https://www.youtube.com/watch?v=CFC39f4KgoU,7:43,Railway Belgrade - Bar (part 5),0.1286111111111111,CFC39f4KgoU
https://www.youtube.com/watch?v=hIY3J_YA2Qg,0:50,Train 433 Belgrade - Bar,0.0138888888888888,hIY3J_YA2Qg
https://www.youtube.com/watch?v=YKrv7A923cQ,9:19,Railway Belgrade - Bar (part 4),0.1552777777777777,YKrv7A923cQ
https://www.youtube.com/watch?v=znCdKeh-I68,9:56,Railway Belgrade - Bar (part 3),0.1655555555555555,znCdKeh-I68
https://www.youtube.com/watch?v=Pc4XJYYBo74,5:05,BOSPHORUS EUROPE EXPRESS,0.0847222222222222,Pc4XJYYBo74
https://www.youtube.com/watch?v=W1GQMoWyO9c,1:17,Under train MAV V43,0.0213888888888888,W1GQMoWyO9c
https://www.youtube.com/watch?v=lPCt1i0rXlE,1:37,661-248 Cacak,0.0269444444444444,lPCt1i0rXlE
https://www.youtube.com/watch?v=2avYoOPxkjQ,0:46,441 loco at Zlatibor,0.0127777777777777,2avYoOPxkjQ
https://www.youtube.com/watch?v=0NAj65NlN9s,1:59,Stara Pazova by night,0.0330555555555555,0NAj65NlN9s
https://www.youtube.com/watch?v=VB_-HMcORrE,1:27,IC train 412,0.0241666666666666,VB_-HMcORrE
https://www.youtube.com/watch?v=P9sHs1Jc6g0,4:04,661-162 Pozega,0.0677777777777777,P9sHs1Jc6g0
https://www.youtube.com/watch?v=0Ydxr7C3U-Y,0:33,Horn Sounds of Locomotive 461,0.0091666666666666,0Ydxr7C3U-Y
https://www.youtube.com/watch?v=SPtleG3dKmg,1:00,Above Locomotive 461 and Freight train,0.0166666666666666,SPtleG3dKmg
https://www.youtube.com/watch?v=LJCpezCTwlk,0:26,Close to 461-157,0.0072222222222222,LJCpezCTwlk
https://www.youtube.com/watch?v=XOwTMbSUVAQ,3:01,444-021 and 005 and 461-153,0.0502777777777777,XOwTMbSUVAQ
https://www.youtube.com/watch?v=jj_SA1TBLcY,0:37,Train 5003 Night Owl,0.0102777777777777,jj_SA1TBLcY
https://www.youtube.com/watch?v=wILKSxF8r0w,4:34,RUN 661-162 VS 441-422,0.0761111111111111,wILKSxF8r0w
https://www.youtube.com/watch?v=PnOIBUJpwrg,7:13,Railway line Belgrade-Bar (through wild Montenegro),0.1202777777777777,PnOIBUJpwrg
https://www.youtube.com/watch?v=QeuuXe8CRqA,0:55,412-106 Kalenic,0.0152777777777777,QeuuXe8CRqA
https://www.youtube.com/watch?v=2oZdrtA4XEE,2:33,661-129 Makiski tunel,0.0424999999999999,2oZdrtA4XEE
https://www.youtube.com/watch?v=OHbbhdXsTmc,3:25,661-129 Cacak,0.0569444444444444,OHbbhdXsTmc
https://www.youtube.com/watch?v=tJNzwNH8hDM,1:43,Under train (444-012+long freight),0.0286111111111111,tJNzwNH8hDM
https://www.youtube.com/watch?v=-ZMNlmBzrwI,1:20,Stvarno stanje nasih pruga!?!,0.0222222222222222,-ZMNlmBzrwI
https://www.youtube.com/watch?v=i_fU5YlViN0,2:24,Assortment waggons downhill at Makis,0.04,i_fU5YlViN0
https://www.youtube.com/watch?v=7yjTDXYPmXc,1:50,Trains in Resnik by night,0.0305555555555555,7yjTDXYPmXc
https://www.youtube.com/watch?v=2OjoqMpDMQU,1:40,Train 335 Beograd-Solun,0.0277777777777777,2OjoqMpDMQU
https://www.youtube.com/watch?v=1x_CpEq_v84,3:24,CAF for TCDD Railways,0.0566666666666666,1x_CpEq_v84
https://www.youtube.com/watch?v=i2Yt_uubt1k,1:31,Vagoni za Tursku,0.0252777777777777,i2Yt_uubt1k
https://www.youtube.com/watch?v=IeIx6rCBzLU,0:56,Sinobus at Nis 812-303,0.0155555555555555,IeIx6rCBzLU
https://www.youtube.com/watch?v=jYT2Z61vfDA,4:47,Railway Beograd-Mala Krsna (Zuce-Vrcin),0.0797222222222222,jYT2Z61vfDA
https://www.youtube.com/watch?v=NLy11hslK34,10:06,Pruga Beograd-Bar (deonica Susica-Branesci),0.1683333333333333,NLy11hslK34
https://www.youtube.com/watch?v=-JQhr7O0Gfo,2:45,Pruzna deonica Lastra ( pruga Beograd-Bar ),0.0458333333333333,-JQhr7O0Gfo
https://www.youtube.com/watch?v=9AWwRu5tRGs,0:11,Thunder and Lightning,0.0030555555555555,9AWwRu5tRGs
https://www.youtube.com/watch?v=aR2b9SzAUOM,1:01,412 on Tamis bridge,0.0169444444444444,aR2b9SzAUOM
https://www.youtube.com/watch?v=UQNzUDSiXz4,3:17,Rakovica 2005,0.0547222222222222,UQNzUDSiXz4
https://www.youtube.com/watch?v=_3gMOfAejxk,1:00,661-129 Ruma,0.0166666666666666,_3gMOfAejxk
https://www.youtube.com/watch?v=vrP6z29_6oo,1:27,Ostruznicki most,0.0241666666666666,vrP6z29_6oo
https://www.youtube.com/watch?v=TjBvssi4Bk8,0:35,666-002 Makis Ranzirna,0.0097222222222222,TjBvssi4Bk8
https://www.youtube.com/watch?v=1_3FnhlVPBY,1:20,Train horns,0.0222222222222222,1_3FnhlVPBY
https://www.youtube.com/watch?v=WStKiDnLCGY,0:48,441-513 i 441-706 Locomotives,0.0133333333333333,WStKiDnLCGY
https://www.youtube.com/watch?v=KzDmUnGJ_qk,0:54,Dva zanimljiva tovara,0.015,KzDmUnGJ_qk
https://www.youtube.com/watch?v=UetGvABN_jk,1:32,444-025 Kosutnjak-Rakovica,0.0255555555555555,UetGvABN_jk
https://www.youtube.com/watch?v=f1ZV3r2QnUI,6:15,Railway Beograd-Bar by night,0.1041666666666666,f1ZV3r2QnUI
https://www.youtube.com/watch?v=K3P12MyFocU,1:42,Interesting night light,0.0283333333333333,K3P12MyFocU
https://www.youtube.com/watch?v=95aZ-rSawWA,2:22,661-243 Pozarevac,0.0394444444444444,95aZ-rSawWA
https://www.youtube.com/watch?v=gx0riW_EVbE,15:42,Appenzellerland Switzerlands Most Beautiful Scenic Countryside Drive 4K 60p,0.2616666666666666,gx0riW_EVbE
https://www.youtube.com/watch?v=EvhBO-aAon0,36:13,Driving Lauterbrunnen To Grindelwald Switzerland 4K 60p,0.6036111111111111,EvhBO-aAon0
https://www.youtube.com/watch?v=AFXrc-kHAz0,11:02,"ðŸ‡®ðŸ‡¹ iPhone 16 Pro Max Desert Titanium Unboxing | CHANEL | Piazza della Signoria | Florence, Italy",0.1838888888888888,AFXrc-kHAz0
https://www.youtube.com/watch?v=S4VLKYNGAuc,8:11,"ðŸ‡®ðŸ‡¹ iPhone 16 Pro Max Desert Titanium Unboxing, CaffÃ¨ Gilli, Piazza della Repubblica, Florence, Italy",0.1363888888888889,S4VLKYNGAuc
https://www.youtube.com/watch?v=Qq0PHuN0XlM,1:09,"Marcus Anthony | Roman Forum | Rome, Italy ðŸ‡®ðŸ‡¹ðŸ‡ªðŸ‡º | 4K Travel",0.0191666666666666,Qq0PHuN0XlM
https://www.youtube.com/watch?v=nGrUmyeQzYI,2:23,"Rising Ambient Beauty of Earth | Motu Tane, Bora Bora, French Polynesia ðŸ‡µðŸ‡« | Vertical 4K Travel",0.0397222222222222,nGrUmyeQzYI
https://www.youtube.com/watch?v=ZywqpiFUwtc,2:24,"Drone Flyover | Motu Tane Island | Bora Bora, French Polynesia ðŸ‡µðŸ‡« | Vertical 4K Travel",0.04,ZywqpiFUwtc
https://www.youtube.com/watch?v=Dg_R1h75seM,1:45,"Soothing Arrival to Sandbar Shore | Motu Tane, Bora Bora, French Polynesia ðŸ‡µðŸ‡« | Vertical 4K Travel",0.0291666666666666,Dg_R1h75seM
https://www.youtube.com/watch?v=GRaaxIggTew,1:01,"Visiting Blue Heaven Island | Motu Paahi | Bora Bora, French Polynesia ðŸ‡µðŸ‡« | Vertical 4K Travel",0.0169444444444444,GRaaxIggTew
https://www.youtube.com/watch?v=CZO81fX661o,1:18,Kirnu front seat on-ride 5K POV @60fps LinnanmÃ¤ki Linnanmaki,0.0216666666666666,CZO81fX661o
https://www.youtube.com/watch?v=xoEbPB1evmA,1:35,Salama front seat on-ride 5K POV @60fps LinnanmÃ¤ki Linnanmaki,0.0263888888888888,xoEbPB1evmA
https://www.youtube.com/watch?v=sozgucWuP0U,1:24,Ukko front seat on-ride 5K POV @60fps LinnanmÃ¤ki Linnanmaki,0.0233333333333333,sozgucWuP0U
https://www.youtube.com/watch?v=LrrZ0TzWVTo,2:47,Vuoristorata front seat on-ride 5K POV @60fps LinnanmÃ¤ki Linnanmaki,0.0463888888888888,LrrZ0TzWVTo
https://www.youtube.com/watch?v=-6lmJGRbVGM,4:51,Log River/Tukkijoki front seat on-ride 5K POV @60fps SÃ¤rkÃ¤nniemi Amusement Park Sarkanniemi,0.0808333333333333,-6lmJGRbVGM
https://www.youtube.com/watch?v=kIj3Owkq27s,1:47,BOOM on-ride 5K POV @60fps SÃ¤rkÃ¤nniemi Amusement Park Sarkanniemi,0.0297222222222222,kIj3Owkq27s
https://www.youtube.com/watch?v=6AACxu3hboU,1:47,Vauhtimato front seat on-ride 5K POV @60fps SÃ¤rkÃ¤nniemi Amusement Park Sarkanniemi,0.0297222222222222,6AACxu3hboU
https://www.youtube.com/watch?v=rbhmmLuwIAg,2:11,MotoGee front seat on-ride 5K POV @60fps SÃ¤rkÃ¤nniemi Amusement Park Sarkanniemi,0.0363888888888888,rbhmmLuwIAg
https://www.youtube.com/watch?v=DDVoO5iMnR8,1:05,Hype front seat on-ride 5K POV @60fps SÃ¤rkÃ¤nniemi Amusement Park Sarkanniemi,0.0180555555555555,DDVoO5iMnR8
https://www.youtube.com/watch?v=W1vkfoTnzRQ,2:13,Tornado back seat on-ride 5K POV @60fps SÃ¤rkÃ¤nniemi Amusement Park Sarkanniemi,0.0369444444444444,W1vkfoTnzRQ
https://www.youtube.com/watch?v=wcskyKxLsQQ,2:13,Tornado front seat on-ride 5K POV @60fps SÃ¤rkÃ¤nniemi Amusement Park Sarkanniemi,0.0369444444444444,wcskyKxLsQQ
https://www.youtube.com/watch?v=39LIdOK9-c4,1:55,Dragon Tower on-ride 5KPOV 5K @60fps PowerPark PowerLand,0.0319444444444444,39LIdOK9-c4
https://www.youtube.com/watch?v=nPhEDZCugrg,1:26,Mine Train front seat on-ride 5KPOV 5K @60fps PowerPark PowerLand,0.0238888888888888,nPhEDZCugrg
https://www.youtube.com/watch?v=zJFuuAl5IOg,1:53,Joyride front seat on-ride 5KPOV 5K @60fps PowerPark PowerLand,0.0313888888888888,zJFuuAl5IOg
https://www.youtube.com/watch?v=cDyN8LMw6VU,2:16,Cobra front seat on-ride 5KPOV 5K @60fps PowerPark PowerLand,0.0377777777777777,cDyN8LMw6VU
https://www.youtube.com/watch?v=swsylD2l9kg,3:05,Thunderbird front seat on-ride 5KPOV 5K @60fps PowerPark PowerLand,0.0513888888888888,swsylD2l9kg
https://www.youtube.com/watch?v=LSjL9wXMeAQ,1:56,Flight School front seat on-ride 5K POV @60fps Emerald Park,0.0322222222222222,LSjL9wXMeAQ
https://www.youtube.com/watch?v=MaLA9YQB4pc,2:01,Neo's Twister front seat on-ride 5KPOV 5K @60fps PowerPark PowerLand,0.0336111111111111,MaLA9YQB4pc
https://www.youtube.com/watch?v=0ACMBYkJNU8,1:47,Ladybird Loop front seat on-ride 5K POV @60fps Emerald Park,0.0297222222222222,0ACMBYkJNU8
https://www.youtube.com/watch?v=HU4Gn47VRGs,1:59,Dino Dash front seat on-ride 5K POV @60fps Emerald Park,0.0330555555555555,HU4Gn47VRGs
https://www.youtube.com/watch?v=890GBmg4TOU,1:58,Fianna Force back seat on-ride 5K POV @60fps Emerald Park,0.0327777777777777,890GBmg4TOU
https://www.youtube.com/watch?v=nXn2VbgqJ9k,2:46,CÃº Chulainn back seat on-ride 5K POV @60fps Emerald Park Cu Chulainn,0.0461111111111111,nXn2VbgqJ9k
https://www.youtube.com/watch?v=XjeIWzKLaYk,2:29,CÃº Chulainn front seat on-ride 5K POV @60fps Emerald Park Cu Chulainn,0.0413888888888888,XjeIWzKLaYk
https://www.youtube.com/watch?v=sqpHp12gv10,3:15,Loch Ness Monster front seat on-ride 5K POV @60fps Busch Gardens Williamsburg,0.0541666666666666,sqpHp12gv10
https://www.youtube.com/watch?v=3fIioqCN_JQ,2:50,Thundercoaster back seat on-ride 5K POV @60fps TusenFryd,0.0472222222222222,3fIioqCN_JQ
https://www.youtube.com/watch?v=WHBX_XJb5ZY,2:52,Thundercoaster front seat on-ride 5K POV @60fps TusenFryd,0.0477777777777777,WHBX_XJb5ZY
https://www.youtube.com/watch?v=BG857sQmcTA,2:05,Speed Monster front seat on-ride 5K POV @60fps Tusenfryd,0.0347222222222222,BG857sQmcTA
https://www.youtube.com/watch?v=vt8YyqWggio,7:09,Piraten in Batavia front seat on-ride 5K POV @60fps Europa Park Pirates,0.1191666666666666,vt8YyqWggio
https://www.youtube.com/watch?v=NPOyCXfiXPw,1:37,Ba-a-a Express POV 5K 60FPS,0.0269444444444444,NPOyCXfiXPw
https://www.youtube.com/watch?v=30g0_Yv8_7U,4:56,Arthur on-ride 5K POV @30fps Europa Park,0.0822222222222222,30g0_Yv8_7U
https://www.youtube.com/watch?v=2VoMoB2Ao_E,2:17,Pegasus front seat on-ride 5K POV @60fps Europa Park,0.0380555555555555,2VoMoB2Ao_E
https://www.youtube.com/watch?v=33qq5thb6yw,4:05,Atlantica SuperSplash front seat on-ride 5K POV @60fps Europa Park,0.0680555555555555,33qq5thb6yw
https://www.youtube.com/watch?v=zyQfiMcPn8U,6:03,Poseidon front seat on-ride 5K POV @60fps Europa Park,0.1008333333333333,zyQfiMcPn8U
https://www.youtube.com/watch?v=tSbJKybfm2w,3:38,Eurosat - CanCan Coaster front seat on-ride 5K POV @60fps Europa Park,0.0605555555555555,tSbJKybfm2w
https://www.youtube.com/watch?v=FmqJwDeVLlA,3:16,Schweizer Bobbahn front seat on-ride 5K POV @60fps Europa Park,0.0544444444444444,FmqJwDeVLlA
https://www.youtube.com/watch?v=tphMu7QSS_w,5:20,Euro Mir front seat on-ride 5K POV @60fps Europa Park,0.0888888888888888,tphMu7QSS_w
https://www.youtube.com/watch?v=MmU6-nOscOw,2:56,Matterhorn Blitz front seat on-ride 5K POV @60fps Europa Park,0.0488888888888888,MmU6-nOscOw
https://www.youtube.com/watch?v=ilTJVNsj3t4,3:33,Silver Star back seat on-ride 5K POV @60fps Europa Park,0.0591666666666666,ilTJVNsj3t4
https://www.youtube.com/watch?v=sRzjjXVd1Qs,3:36,Silver Star front seat on-ride 5K POV @60fps Europa Park,0.06,sRzjjXVd1Qs
https://www.youtube.com/watch?v=aKm0PArJV-U,3:36,Wodan Timbur Coaster back seat on-ride 5K POV @60fps Europa Park,0.06,aKm0PArJV-U
https://www.youtube.com/watch?v=KzvdeeuwCa8,3:28,Wodan Timbur Coaster front seat on-ride 5K POV @60fps Europa Park,0.0577777777777777,KzvdeeuwCa8
https://www.youtube.com/watch?v=bOmBLK060dM,2:20,blue fire Megacoaster back seat on-ride 5K POV @60fps Europa Park,0.0388888888888888,bOmBLK060dM
https://www.youtube.com/watch?v=XS2qFKvsIic,2:53,blue fire Megacoaster front seat on-ride 5K POV @60fps Europa Park,0.0480555555555555,XS2qFKvsIic
https://www.youtube.com/watch?v=5i1paMJL9yQ,3:51,Voltron back seat on-ride 5K POV @60fps Europa Park,0.0641666666666666,5i1paMJL9yQ
https://www.youtube.com/watch?v=Ft4OtjpHgSE,2:02,Alpenexperess Enzian front seat on-ride 5K POV @60fps Europa Park,0.0338888888888888,Ft4OtjpHgSE
https://www.youtube.com/watch?v=Qegu7MhfHGQ,4:32,Tiroler Wildwasserbahn front seat on-ride 5K POV @60fps Europa Park Tirol log flume,0.0755555555555555,Qegu7MhfHGQ
https://www.youtube.com/watch?v=m5JmEZzhs2g,3:50,Voltron front wing seat on-ride 5K POV @60fps Europa Park,0.0638888888888888,m5JmEZzhs2g
https://www.youtube.com/watch?v=xEnMCGmKOJk,1:30,Coccinelle front seat on-ride 5K POV @60fps Walibi RhÃ´ne-Alpes Rhone-Alpes,0.025,xEnMCGmKOJk
https://www.youtube.com/watch?v=FSrx96OPrps,1:45,Woodstock Express front seat on-ride 5K POV @60fps Walibi RhÃ´ne-Alpes Rhone-Alpes,0.0291666666666666,FSrx96OPrps
https://www.youtube.com/watch?v=7qE2ZO5dITY,1:53,Timber front seat on-ride 5K POV @60fps Walibi RhÃ´ne-Alpes Rhone-Alpes,0.0313888888888888,7qE2ZO5dITY
https://www.youtube.com/watch?v=DER6-_gXrbs,2:27,Mystic front seat on-ride 5K POV @60fps Walibi RhÃ´ne-Alpes Rhone-Alpes,0.0408333333333333,DER6-_gXrbs
https://www.youtube.com/watch?v=Q4K1zXf7FjU,1:17,Storm  - The Dragon Legend front seat on-ride 5K POV @60fps Tusenfryd,0.0213888888888888,Q4K1zXf7FjU
https://www.youtube.com/watch?v=XpGt9qJh5yY,1:52,Junker front seat on-ride 5KPOV 5K @60fps PowerPark Powerland,0.0311111111111111,XpGt9qJh5yY
https://www.youtube.com/watch?v=KPVtbUQtIG8,1:25,Quest front seat on-ride 5K POV @60fps Emerald Park,0.0236111111111111,KPVtbUQtIG8
https://www.youtube.com/watch?v=YKtGFX3gQMc,1:51,Fianna Force front seat on-ride reverse ridercam 5K POV @60fps Emerald Park,0.0308333333333333,YKtGFX3gQMc
https://www.youtube.com/watch?v=A944sScL0Js,2:05,Fianna Force front seat on-ride 5K POV @60fps Emerald Park,0.0347222222222222,A944sScL0Js
https://www.youtube.com/watch?v=nPPzVKDYvmI,1:30,Mahuka back seat on-ride reverse ridercam 5K POV @60fps Walibi RhÃ´ne-Alpes Rhone-Alpes,0.025,nPPzVKDYvmI
https://www.youtube.com/watch?v=zna08m9NFeE,1:18,Mahuka front seat on-ride 5K POV @60fps Walibi RhÃ´ne-Alpes Rhone-Alpes,0.0216666666666666,zna08m9NFeE
https://www.youtube.com/watch?v=11KsFJ0oeL8,3:59,Voltron front seat on-ride reverse ridercam 5K POV @60fps Europa Park,0.0663888888888888,11KsFJ0oeL8
https://www.youtube.com/watch?v=MQEibEvSwSQ,3:36,Voltron front seat on-ride 5K POV @60fps Europa Park,0.06,MQEibEvSwSQ
https://www.youtube.com/watch?v=fxG6bWN90RI,2:25,Rutschebanen front seat on-ride 5K POV @60fps Tivoli Gardens,0.0402777777777777,fxG6bWN90RI
https://www.youtube.com/watch?v=NSTrbLV4yV0,3:43,Desperado Plunge front seat on-ride 5K POV @60fps Six Flags Great Escape,0.0619444444444444,NSTrbLV4yV0
https://www.youtube.com/watch?v=gjI3tFj1hww,1:58,Sasquatch Turbo Drop tower 5K POV @60fps Six Flags Great Escape,0.0327777777777777,gjI3tFj1hww
https://www.youtube.com/watch?v=r2P2PuuQeEw,1:30,Sasquatch Space Shot tower 5K POV @60fps Six Flags Great Escape,0.025,r2P2PuuQeEw
https://www.youtube.com/watch?v=45rnZUzLTIs,8:30,Adirondack Outlaw on-ride 5K POV @60fps Six Flags Great Escape,0.1416666666666666,45rnZUzLTIs
https://www.youtube.com/watch?v=kY8c5mHEZ4U,1:24,Frankie's Mine Train front seat on-ride 5K POV @60fps Six Flags Great Escape,0.0233333333333333,kY8c5mHEZ4U
https://www.youtube.com/watch?v=5Fq7-LFzUrc,2:30,Flashback front seat on-ride 5K POV @60fps Six Flags Great Escape,0.0416666666666666,5Fq7-LFzUrc
https://www.youtube.com/watch?v=TqXSnf_6CVw,1:50,Steamin' Demon front seat on-ride 5K POV @60fps Six Flags Great Escape,0.0305555555555555,TqXSnf_6CVw
https://www.youtube.com/watch?v=LOIrFDqZFSQ,2:52,Canyon Blaster front seat on-ride 5K POV @60fps Six Flags Great Escape,0.0477777777777777,LOIrFDqZFSQ
https://www.youtube.com/watch?v=V_5eFMgMVs4,2:57,Comet front seat on-ride 5K POV @60fps Six Flags Great Escape,0.0491666666666666,V_5eFMgMVs4
https://www.youtube.com/watch?v=wYZ-YLLcYHw,2:29,Bobcat front seat on-ride reverse ridercam 5K POV @60fps Six Flags Great Escape,0.0413888888888888,wYZ-YLLcYHw
https://www.youtube.com/watch?v=gFWAOHgkg1U,1:49,Bobcat back seat on-ride 5K POV @60fps Six Flags Great Escape,0.0302777777777777,gFWAOHgkg1U
https://www.youtube.com/watch?v=yCyyFX8-FMQ,2:04,Bobcat front seat on-ride 5K POV @60fps Six Flags Great Escape,0.0344444444444444,yCyyFX8-FMQ
https://www.youtube.com/watch?v=Y8vtMZDP0eY,1:37,Little Dipper front seat on-ride 5K POV @60fps Little Amerricka America,0.0269444444444444,Y8vtMZDP0eY
https://www.youtube.com/watch?v=_NNUgpS03XU,1:37,Mad Mouse front seat on-ride 5K POV @60fps Little Amerricka America,0.0269444444444444,_NNUgpS03XU
https://www.youtube.com/watch?v=_PExCiyYtZs,3:50,Meteor front seat on-ride 5K POV @60fps Little Amerricka America,0.0638888888888888,_PExCiyYtZs
https://www.youtube.com/watch?v=jrB_JigGE3c,1:14,Swiss Toboggan front seat on-ride 5K POV @60fps Little Amerricka America,0.0205555555555555,jrB_JigGE3c
https://www.youtube.com/watch?v=Wg9UpZffwyA,1:10,MariehÃ¸nen front seat on-ride 5K POV @60fps Bakken Mariehonen,0.0194444444444444,Wg9UpZffwyA
https://www.youtube.com/watch?v=APNQGMGBU5w,2:04,Vilde Mus front seat on-ride 5K POV @60fps Bakken,0.0344444444444444,APNQGMGBU5w
https://www.youtube.com/watch?v=kw5Z-9sdCTE,1:43,Phoenix Rising front seat on-ride 5K POV @60fps Busch Gardens Tampa,0.0286111111111111,kw5Z-9sdCTE
https://www.youtube.com/watch?v=F67Skzt8QtU,1:50,Mine Train Ulven Front Seat on-ride 5K POV @60fps Bakken,0.0305555555555555,F67Skzt8QtU
https://www.youtube.com/watch?v=MyCj0UEp0FY,1:36,Tornado front seat on-ride 5K POV @60fps Bakken,0.0266666666666666,MyCj0UEp0FY
https://www.youtube.com/watch?v=sXKjVqp9TSk,3:27,Rutschebanen front seat on-ride 5K POV @60fps Bakken,0.0575,sXKjVqp9TSk
https://www.youtube.com/watch?v=POwfdoCgY_4,3:18,Big One front seat on-ride 5K POV @60fps Pleasure Beach Resort Blackpool,0.055,POwfdoCgY_4
https://www.youtube.com/watch?v=6sdoXPZ6mXs,2:58,Penguin Trek front seat on-ride 5K POV @60fps SeaWorld Orlando,0.0494444444444444,6sdoXPZ6mXs
https://www.youtube.com/watch?v=X18vJ5mhm68,2:35,Expedition GeForce back seat on-ride 5K POV 60fps Holiday Park,0.0430555555555555,X18vJ5mhm68
https://www.youtube.com/watch?v=T9rlS5xDnEg,6:34,Wickie Splash front seat on-ride 5K POV @60fps Holiday Park,0.1094444444444444,T9rlS5xDnEg
https://www.youtube.com/watch?v=dZreAaU9HiY,1:19,Anubis Free Fall Tower on-ride 5K POV @60fps Holiday Park,0.0219444444444444,dZreAaU9HiY
https://www.youtube.com/watch?v=mpkK2eOYmQY,1:54,Tabalugas Achterbahn front seat on-ride 4K POV @60fps Holiday Park,0.0316666666666666,mpkK2eOYmQY
https://www.youtube.com/watch?v=Rv5EZooXMTI,1:06,Sky Scream front seat on-ride 5K POV @60fps Holiday Park,0.0183333333333333,Rv5EZooXMTI
https://www.youtube.com/watch?v=JKqote4RVCQ,2:39,Expedition GeForce front seat on-ride 5K POV @60fps Holiday Park,0.0441666666666666,JKqote4RVCQ
https://www.youtube.com/watch?v=zTmJmD14dJ8,1:30,Doppelter Donnerbalken drop tower on-ride 5K POV @60fps Erlebnispark Tripsdrill,0.025,zTmJmD14dJ8
https://www.youtube.com/watch?v=hHR7LFMVuC4,2:31,Jetline front seat on-ride 5K POV @60fps GrÃ¶na Lund Grona Lund,0.0419444444444444,hHR7LFMVuC4
https://www.youtube.com/watch?v=zzGmZIVxv-w,5:40,Badewannen-Fahrt zum Jungbrunnen front seat on-ride 5K POV 60fps Erlebnispark Tripsdrill,0.0944444444444444,zzGmZIVxv-w
https://www.youtube.com/watch?v=Y_8Siis8_oY,2:30,Rasender TausendfÃ¼ÃŸler front seat on-ride 5K POV @60fps Erlebnispark Tripsdrill Tausendfuessler,0.0416666666666666,Y_8Siis8_oY
https://www.youtube.com/watch?v=a6AoOh1ESH0,2:03,G'sengte Sau front seat on-ride 5K POV @60fps Erlebnispark Tripsdrill,0.0341666666666666,a6AoOh1ESH0
https://www.youtube.com/watch?v=pl8tWC6eMxI,2:39,Mammut front seat on-ride 5K POV @60fps Erlebnispark Tripsdrill,0.0441666666666666,pl8tWC6eMxI
https://www.youtube.com/watch?v=shJ06IMgpCU,2:11,Karacho front seat on-ride 5K POV @60fps Erlebnispark Tripsdrill,0.0363888888888888,shJ06IMgpCU
https://www.youtube.com/watch?v=SjnZjU_Ph0c,1:25,Volldampf front seat on-ride 5K POV @60fps Erlebnispark Tripsdrill,0.0236111111111111,SjnZjU_Ph0c
https://www.youtube.com/watch?v=3AWPZu6mW64,2:12,Hals-Ã¼ber-Kopf front seat on-ride 5K POV @60fps Erlebnispark Tripsdrill  uber ueber,0.0366666666666666,3AWPZu6mW64
https://www.youtube.com/watch?v=YoGmBwZVqWg,3:24,OzIris back seat on-ride 4K POV @60fps Parc AstÃ©rix Asterix,0.0566666666666666,YoGmBwZVqWg
https://www.youtube.com/watch?v=HiHn2F0iXas,2:22,SOS NumÃ©robis front seat on-ride 4K POV @60fps Parc AstÃ©rix Asterix Numerobis,0.0394444444444444,HiHn2F0iXas
https://www.youtube.com/watch?v=x1pBe4Ferrk,1:50,Vol D'lcare front seat on-ride 4K POV @60fps Parc AstÃ©rix Asterix,0.0305555555555555,x1pBe4Ferrk
https://www.youtube.com/watch?v=mI8A5poe4UM,3:05,Trace Du Hourra front seat on-ride 4K POV @60fps Parc AstÃ©rix Asterix,0.0513888888888888,mI8A5poe4UM
https://www.youtube.com/watch?v=ZAvYpx75OjQ,3:56,PÃ©gase Express front seat on-ride 4K POV Parc AstÃ©rix Asterix Pegase,0.0655555555555555,ZAvYpx75OjQ
https://www.youtube.com/watch?v=_ON8tbN_rRE,2:44,OzIris front seat on-ride 4K POV @60fps Parc AstÃ©rix Asterix,0.0455555555555555,_ON8tbN_rRE
https://www.youtube.com/watch?v=cYRhWd5AHQY,2:51,Goudurix front seat on-ride 4K POV @60FPS Parc AstÃ©rix Asterix,0.0475,cYRhWd5AHQY
https://www.youtube.com/watch?v=t5BVG75H_wY,3:51,New Texas Giant front seat on-ride 4K POV @60fps Six Flags Over Texas,0.0641666666666666,t5BVG75H_wY
https://www.youtube.com/watch?v=47-T2W--cE0,3:06,Tonnerre 2 Zeus back seat on-ride backwards 4K POV @60FPS Parc Asterix AstÃ©rix,0.0516666666666666,47-T2W--cE0
https://www.youtube.com/watch?v=AqrMItNR56w,1:33,Kid Flash Cosmic Coaster DC side front seat on-ride 5K POV @60fps Six Flags Fiesta Texas,0.0258333333333333,AqrMItNR56w
https://www.youtube.com/watch?v=XYQ-UqpUEOo,1:35,Kid Flash Cosmic Coaster AC side front seat on-ride 5K POV @60fps Six Flags Fiesta Texas,0.0263888888888888,XYQ-UqpUEOo
https://www.youtube.com/watch?v=GBm27XvRNWo,2:47,Tonnerre 2 Zeus front seat on-ride 5K POV @60fps Parc AstÃ©rix Asterix,0.0463888888888888,GBm27XvRNWo
https://www.youtube.com/watch?v=X2kJSE9ddqk,2:22,Skyrush back seat on-ride 5K POV @60fps Hersheypark,0.0394444444444444,X2kJSE9ddqk
https://www.youtube.com/watch?v=Oltyl0zlgMg,2:21,Skyrush front seat on-ride 5K POV @60fps Hersheypark,0.0391666666666666,Oltyl0zlgMg
https://www.youtube.com/watch?v=kzsXiSiEM0Y,2:57,Wildcats Revenge back seat on-ride 5K POV @60fps Hersheypark,0.0491666666666666,kzsXiSiEM0Y
https://www.youtube.com/watch?v=jYm83y3b7Bg,3:00,Wildcats Revenge front seat on-ride 5K POV @60fps Hersheypark,0.05,jYm83y3b7Bg
https://www.youtube.com/watch?v=75a0kVe4OK8,2:20,Goliath back seat on-ride 5K POV @60fps Walibi Holland,0.0388888888888888,75a0kVe4OK8
https://www.youtube.com/watch?v=Cq4Z9woBhpQ,2:11,Drako front seat on-ride 5K POV @60fps Walibi Holland,0.0363888888888888,Cq4Z9woBhpQ
https://www.youtube.com/watch?v=ucB23Goni4E,1:41,Eat My Dust front seat on-ride 5K POV @60fps Walibi Holland,0.0280555555555555,ucB23Goni4E
https://www.youtube.com/watch?v=S8rDxz4Rxqs,2:57,Condor front seat on-ride 5K POV @60fps Walibi Holland,0.0491666666666666,S8rDxz4Rxqs
https://www.youtube.com/watch?v=xs8MXY0y3HM,2:21,Speed of Sound front seat on-ride 5K POV @60fps Walibi Holland,0.0391666666666666,xs8MXY0y3HM
https://www.youtube.com/watch?v=XUmSuR4iJ2A,2:25,Xpress: Platform 13 front seat on-ride 5K POV @60fps Walibi Holland,0.0402777777777777,XUmSuR4iJ2A
https://www.youtube.com/watch?v=Tm4SdqbFFvc,2:21,Goliath front seat on-ride 5K POV @60fps Walibi Holland,0.0391666666666666,Tm4SdqbFFvc
https://www.youtube.com/watch?v=0qvvKfRdkL0,2:37,Untamed back seat on-ride 5K POV @60fps Walibi Holland,0.0436111111111111,0qvvKfRdkL0
https://www.youtube.com/watch?v=kT-3PrFzo5U,2:36,Untamed front seat on-ride 5K POV @60fps Walibi Holland,0.0433333333333333,kT-3PrFzo5U
https://www.youtube.com/watch?v=60vlOE8FkEQ,1:56,Lost Gravity front seat on-ride 5K POV @60fps Walibi Holland,0.0322222222222222,60vlOE8FkEQ
https://www.youtube.com/watch?v=Iiqicnjloxs,3:05,Snake on-ride 5K POV @60fps Skara Sommarland Sommerland,0.0513888888888888,Iiqicnjloxs
https://www.youtube.com/watch?v=RsEVFkKZesI,2:10,Gruvnanan front  seat on-ride 5K POV @60fps Skara Sommarland Sommerland Summerland,0.0361111111111111,RsEVFkKZesI
https://www.youtube.com/watch?v=F-EdCnDT4HY,1:54,Spinner backwards facing seat on-ride 5K POV @60fps Skara Sommarland Sommerland Summerland,0.0316666666666666,F-EdCnDT4HY
https://www.youtube.com/watch?v=1Cu9MkbwSX0,1:53,Tranan front seat on-ride 5K POV @60fps Skara Sommarland Sommerland Summerland,0.0313888888888888,1Cu9MkbwSX0
https://www.youtube.com/watch?v=JTDxNTDczfI,3:01,Casey Jr Le Petit Train du Circue Circus front seat on-ride 5K POV @60fps Disneyland Paris,0.0502777777777777,JTDxNTDczfI
https://www.youtube.com/watch?v=_-n1nBbr37w,2:39,Indiana Jones et le Temple du Peril front seat on-ride 5K POV @60fps Disneyland Paris Adventureland,0.0441666666666666,_-n1nBbr37w
https://www.youtube.com/watch?v=V1eADHwcG0I,4:00,Big Thunder Mountain front seat on-ride 5K POV @60fps Disneyland Paris Frontierland,0.0666666666666666,V1eADHwcG0I
https://www.youtube.com/watch?v=N8jvzvM7fcg,4:54,DinoSplash front seat on-ride 5K POV @60fps Plopsaland De Panne,0.0816666666666666,N8jvzvM7fcg
https://www.youtube.com/watch?v=4k2YpPtHZ1k,1:20,Ikaros on-ride 5K POV @60fps GrÃ¶na Lund Grona Lund,0.0222222222222222,4k2YpPtHZ1k
https://www.youtube.com/watch?v=lcWfkcYxDpo,3:21,Eclipse on-ride 5K POV @60fps GrÃ¶na Lund Grona Lund,0.0558333333333333,lcWfkcYxDpo
https://www.youtube.com/watch?v=1quR6AzoV7M,1:51,Tuff Tuff TÃ¥get front seat on-ride 5K POV @60fps GrÃ¶na Lund Grona Lund Tuff Tuff Taget,0.0308333333333333,1quR6AzoV7M
https://www.youtube.com/watch?v=GEqMOkxhWtM,0:57,Nyckelpigan front seat on-ride 5K POV @60fps GrÃ¶na Lund Grona Lund,0.0158333333333333,GEqMOkxhWtM
https://www.youtube.com/watch?v=V5A6-H4kwLM,1:59,Vilda Musen front seat on-ride 5K POV @60fps GrÃ¶na Lund Grona Lund,0.0330555555555555,V5A6-H4kwLM
https://www.youtube.com/watch?v=drAqBhHm22s,1:24,Kvasten front seat on-ride 5K POV @60fps GrÃ¶na Lund Grona Lund,0.0233333333333333,drAqBhHm22s
https://www.youtube.com/watch?v=VSmkw2-RdLw,1:36,Insane front seat on-ride 5K POV @60fps GrÃ¶na Lund Grona Lund,0.0266666666666666,VSmkw2-RdLw
https://www.youtube.com/watch?v=Ri-P7MnBvl8,2:03,Monster front seat on-ride 5K POV @60fps GrÃ¶na Lund Grona Lund,0.0341666666666666,Ri-P7MnBvl8
https://www.youtube.com/watch?v=J2L2XljVYS8,1:16,Jungle Rally front seat on-ride 5K POV @60fps Djurs Sommerland,0.0211111111111111,J2L2XljVYS8
https://www.youtube.com/watch?v=f9R3VpOcyB0,2:06,Vilde HÃ¸nsejagt front seat on-ride 5K POV @60fps Djurs Sommerland Honsejagt,0.0349999999999999,f9R3VpOcyB0
https://www.youtube.com/watch?v=jMWFoNMYPIw,2:19,T-Rex Family Coaster front seat on-ride 5K POV @60fps Djurs Sommerland,0.0386111111111111,jMWFoNMYPIw
https://www.youtube.com/watch?v=GXrEPrZr3-I,3:09,SkatteÃ¸en front seat on-ride 5K POV @60fps Djurs Sommerland Skatteoen,0.0525,GXrEPrZr3-I
https://www.youtube.com/watch?v=4vGzY0Jswco,1:53,Thor's Hammer front seat on-ride 5K POV @60fps Djurs Sommerland,0.0313888888888888,4vGzY0Jswco
https://www.youtube.com/watch?v=4iU8HYl7mPw,2:38,Juvelen front seat on-ride 5K POV @60fps Djurs Sommerland,0.0438888888888888,4iU8HYl7mPw
https://www.youtube.com/watch?v=W2K5f6j1v_M,2:05,DrageKongen front seat on-ride 5K POV @60fps Djurs Sommerland,0.0347222222222222,W2K5f6j1v_M
https://www.youtube.com/watch?v=bwz_41yzHG0,2:00,Piraten front seat on-ride 5K POV @60fps Djurs Sommerland,0.0333333333333333,bwz_41yzHG0
https://www.youtube.com/watch?v=gEG6StZ20DA,2:32,AtmosFear on-ride 5K POV @60fps Liseberg,0.0422222222222222,gEG6StZ20DA
https://www.youtube.com/watch?v=GAMMwSFa_Rg,1:30,Stampbanan front seat on-ride 5K POV @60fps Liseberg,0.025,GAMMwSFa_Rg
https://www.youtube.com/watch?v=n33DTpNioG8,1:48,Rabalder front seat on-ride 5K POV @60fps Liseberg,0.03,n33DTpNioG8
https://www.youtube.com/watch?v=SIQdsHyrUig,3:14,Lisebergbanan front seat on-ride 5K POV @60fps Liseberg,0.0538888888888888,SIQdsHyrUig
https://www.youtube.com/watch?v=nbLdhy-ZaHw,2:26,Balder front seat on-ride 5K POV @60fps Liseberg,0.0405555555555555,nbLdhy-ZaHw
https://www.youtube.com/watch?v=D45aFxmqNc8,2:23,Helix front seat on-ride 5K POV @60fps Liseberg,0.0397222222222222,D45aFxmqNc8
https://www.youtube.com/watch?v=-ODacFv0Oko,3:32,Valkyria front seat on-ride 5K POV @60fps Liseberg,0.0588888888888888,-ODacFv0Oko
https://www.youtube.com/watch?v=kK-hnAdHWmo,1:21,Luna front seat on-ride 5K POV @60fps Liseberg,0.0225,kK-hnAdHWmo
https://www.youtube.com/watch?v=V9y9JWjEAfs,1:26,Delfinexpressen front seat on-ride 5K POV @60fps KolmÃ¥rden Kolmarden,0.0238888888888888,V9y9JWjEAfs
https://www.youtube.com/watch?v=I9_RXmmmFUY,2:35,Wildfire front seat on-ride 5K POV @60fps KolmÃ¥rden Kolmarden,0.0430555555555555,I9_RXmmmFUY
https://www.youtube.com/watch?v=DEP4ogmlZzk,1:27,Mine Expressen front seat on-ride 5K POV @60fps FÃ¥rup Sommerland Faarup Farup,0.0241666666666666,DEP4ogmlZzk
https://www.youtube.com/watch?v=bgDyY5uCOUE,1:28,Pindsvinet front seat on-ride 5K POV @60fps FÃ¥rup Sommerland Faarup Farup,0.0244444444444444,bgDyY5uCOUE
https://www.youtube.com/watch?v=oT1HZCcPdW0,2:35,Flagermusen on-ride 5K POV @60fps FÃ¥rup Sommerland Faarup Farup,0.0430555555555555,oT1HZCcPdW0
https://www.youtube.com/watch?v=lekmvKVCOY4,1:17,Orkanen front seat on-ride 5K POV @60fps FÃ¥rup Sommerland Faarup Farup,0.0213888888888888,lekmvKVCOY4
https://www.youtube.com/watch?v=YGO1adR1_5o,1:22,Lynet front seat on-ride 5K POV @60fps FÃ¥rup Sommerland Faarup Farup,0.0227777777777777,YGO1adR1_5o
https://www.youtube.com/watch?v=RNtN0DlUFDk,1:25,Saven front seat on-ride 5K POV @60fps FÃ¥rup Sommerland Faarup Farup,0.0236111111111111,RNtN0DlUFDk
https://www.youtube.com/watch?v=n_UmOEqF708,1:48,Falken front seat on-ride 5K POV @60fps FÃ¥rup Sommerland Faarup Farup,0.03,n_UmOEqF708
https://www.youtube.com/watch?v=DzXVPTfCo28,2:01,FÃ¸nix front seat on-ride 5K POV @60fps FÃ¥rup Sommerland Fonix Faarup Farup,0.0336111111111111,DzXVPTfCo28
https://www.youtube.com/watch?v=5E2cNuwZ3dk,1:56,Maximus' Blitz Bahn on-ride 5K POV @60fps Toverland,0.0322222222222222,5E2cNuwZ3dk
https://www.youtube.com/watch?v=MHcz3yB28bI,1:14,Toos-Express front seat on-ride 5K POV @60fps Toverland,0.0205555555555555,MHcz3yB28bI
https://www.youtube.com/watch?v=ZLpmJ-G3w-A,2:00,Dwervelwind (Whirlwind) front seat on-ride 5K POV @60fps Toverland,0.0333333333333333,ZLpmJ-G3w-A
https://www.youtube.com/watch?v=WiTjAfwqyZ4,1:29,Booster Bike front seat on-ride 5K POV @60fps Toverland,0.0247222222222222,WiTjAfwqyZ4
https://www.youtube.com/watch?v=8oN3NDYqz3Q,2:29,Troy front seat on-ride 5K POV @60fps Toverland,0.0413888888888888,8oN3NDYqz3Q
https://www.youtube.com/watch?v=Kt43uXvnW8k,2:16,FÄ“nix right front seat on-ride 5K POV @60fps Toverland Fenix,0.0377777777777777,Kt43uXvnW8k
https://www.youtube.com/watch?v=TWpGDVlcaW8,2:16,FÄ“nix left front seat on-ride 5K POV @60fps Toverland Fenix,0.0377777777777777,TWpGDVlcaW8
https://www.youtube.com/watch?v=W_bvt463dM4,1:33,Anubis: The Ride front seat on-ride 5K POV @60fps Plopsaland De Panne,0.0258333333333333,W_bvt463dM4
https://www.youtube.com/watch?v=OhvC5UWPiac,2:18,Mine Blower front seat on-ride 5K POV @60fps Fun Spot America Kissimmee,0.0383333333333333,OhvC5UWPiac
https://www.youtube.com/watch?v=I0Uhe8SZ50c,2:43,Python front seat on-ride 5K POV @60fps Efteling,0.0452777777777777,I0Uhe8SZ50c
https://www.youtube.com/watch?v=YSrKKqWIKLY,4:58,Vliegende Hollander front seat on-ride 5K POV @60fps Efteling,0.0827777777777777,YSrKKqWIKLY
https://www.youtube.com/watch?v=qG41jyBsrBE,1:44,Max + Moritz - Moritz front seat on-ride 5K POV @60fps Efteling,0.0288888888888888,qG41jyBsrBE
https://www.youtube.com/watch?v=AtCjkCGSlIk,1:43,Max + Moritz - Max front seat on-ride 5K POV @60fps Efteling,0.0286111111111111,AtCjkCGSlIk
https://www.youtube.com/watch?v=LeK2s_aqIjE,2:24,Baron 1898 front seat on-ride 5K POV @60fps Efteling,0.04,LeK2s_aqIjE
https://www.youtube.com/watch?v=6ZQRUJJh8VI,2:16,Nopuko Air Coaster back seat on-ride backwards 5K POV @60fps Lost Island Theme Park,0.0377777777777777,6ZQRUJJh8VI
https://www.youtube.com/watch?v=JwmlbaUSDU4,1:40,Matugani back seat on-ride 5K POV @60fps Lost Island Theme Park,0.0277777777777777,JwmlbaUSDU4
https://www.youtube.com/watch?v=kUBUx-zU09E,7:20,Yuta Falls front seat on-ride 5K POV @60fps Lost Island Theme Park,0.1222222222222222,kUBUx-zU09E
https://www.youtube.com/watch?v=-9hYK3SW3YM,2:18,Nopuko Air Coaster front seat on-ride 5K POV @60fps Lost Island Theme Park,0.0383333333333333,-9hYK3SW3YM
https://www.youtube.com/watch?v=0hgylMTvwQI,1:46,Matugani front seat on-ride 5K POV @60fps Lost Island Theme Park,0.0294444444444444,0hgylMTvwQI
https://www.youtube.com/watch?v=WfqFpxF_uEk,2:31,Bob Express front seat on-ride 5K POV @60fps Bobbejaanland,0.0419444444444444,WfqFpxF_uEk
https://www.youtube.com/watch?v=E9n59TuSJWw,2:52,Dreamcatcher front seat on-ride 5K POV @60fps Bobbejaanland,0.0477777777777777,E9n59TuSJWw
https://www.youtube.com/watch?v=3ckzExTFyMs,2:00,Speedy Bob front seat on-ride 5K POV @60fps Bobbejaanland,0.0333333333333333,3ckzExTFyMs
https://www.youtube.com/watch?v=jFZVQMMp35E,3:10,Revolution front seat on-ride 5K POV @60fps Bobbejaanland,0.0527777777777777,jFZVQMMp35E
https://www.youtube.com/watch?v=jyYV3lE6E2w,1:46,Naga Bay front seat on-ride 5K POV @60fps Bobbejaanland,0.0294444444444444,jyYV3lE6E2w
https://www.youtube.com/watch?v=ppyrCCM2XKI,2:40,Typhoon front seat on-ride 5K POV @60fps Bobbejaanland,0.0444444444444444,ppyrCCM2XKI
https://www.youtube.com/watch?v=GK8TQd6bDs8,2:09,Fury front seat backwards on-ride 5K POV @60fps Bobbejaanland,0.0358333333333333,GK8TQd6bDs8
https://www.youtube.com/watch?v=ZmAX1EmACEU,2:16,Fury front seat forwards on-ride 5K POV @60fps Bobbejaanland,0.0377777777777777,ZmAX1EmACEU
https://www.youtube.com/watch?v=lsL4n4TwEWE,2:51,Shock Wave back seat on-ride 5K POV @60fps Six Flags Over Texas,0.0475,lsL4n4TwEWE
https://www.youtube.com/watch?v=K_g0nvzY7cQ,2:53,Shock Wave front seat on-ride 5K POV @60fps Six Flags Over Texas,0.0480555555555555,K_g0nvzY7cQ
https://www.youtube.com/watch?v=5q2_95Kangc,3:05,Whizzer back seat on-ride 5K POV @60fps Six Flags Great America,0.0513888888888888,5q2_95Kangc
https://www.youtube.com/watch?v=CtWBQg5pAFY,3:08,Whizzer front seat on-ride 5K POV @60fps Six Flags Great America,0.0522222222222222,CtWBQg5pAFY
https://www.youtube.com/watch?v=PMVEB7gxGeU,3:00,Kraang Prime Pandemonium on-ride 5K POV @60FPS Nickelodeon Universe Theme Park,0.05,PMVEB7gxGeU
https://www.youtube.com/watch?v=46P78y8stvc,2:21,Toutatis back seat on-ride 5K POV @60FPS Parc Asterix,0.0391666666666666,46P78y8stvc
https://www.youtube.com/watch?v=kl-7zSDq3So,2:23,Toutatis front seat on-ride 5K POV @60FPS Parc Asterix,0.0397222222222222,kl-7zSDq3So
https://www.youtube.com/watch?v=DeID0vqgBZs,1:50,Timmy's Half Pipe Havoc on-ride 5K POV @60fps Nickelodeon Universe Theme Park,0.0305555555555555,DeID0vqgBZs
https://www.youtube.com/watch?v=t2aHYzU8DR8,1:50,Nickelodeon's Slime Streak front seat on-ride 5K POV @60fps Nickelodeon Universe Theme Park,0.0305555555555555,t2aHYzU8DR8
https://www.youtube.com/watch?v=tJFLgCdyrhM,2:54,Shredder on-ride reverse ridercam 5K POV @60fps Nickelodeon Universe Theme Park,0.0483333333333333,tJFLgCdyrhM
https://www.youtube.com/watch?v=rGeVYzJIZSg,2:54,Shredder front seat on-ride 5K POV @60fps Nickelodeon Universe Theme Park,0.0483333333333333,rGeVYzJIZSg
https://www.youtube.com/watch?v=cqpXducRPAw,3:35,TMNT Shellraiser on-ride reverse ridercam 5K POV @60fps Nickelodeon Universe Theme Park,0.0597222222222222,cqpXducRPAw
https://www.youtube.com/watch?v=3-laNQRlqLM,3:28,TMNT Shellraiser front seat on-ride 5K POV @60fps Nickelodeon Universe Theme Park,0.0577777777777777,3-laNQRlqLM
https://www.youtube.com/watch?v=oL7zh5muCBs,2:33,Twisted Cyclone back seat on-ride 5K POV @60fps Six Flags Over Georgia,0.0424999999999999,oL7zh5muCBs
https://www.youtube.com/watch?v=UolW5oquuMA,3:41,Dahlonega Mine Train front seat on-ride 5K POV @60fps Six Flags Over Georgia,0.0613888888888888,UolW5oquuMA
https://www.youtube.com/watch?v=2j1UMkwj2v8,2:56,Blue Hawk front seat on-ride 5K POV @60fps Six Flags Over Georgia,0.0488888888888888,2j1UMkwj2v8
https://www.youtube.com/watch?v=QzCZkfCa4Uo,2:22,Georgia Scorcher front seat on-ride 5K POV @60fps Six Flags Over Georgia,0.0394444444444444,QzCZkfCa4Uo
https://www.youtube.com/watch?v=_5Rj3b-eL_Q,2:36,Twisted Cyclone front seat on-ride 5K POV @60fps Six Flags Over Georgia,0.0433333333333333,_5Rj3b-eL_Q
https://www.youtube.com/watch?v=GHnfUZaUScs,1:36,The High Fall on-ride 5K POV @60fps Movie Park Germany,0.0266666666666666,GHnfUZaUScs
https://www.youtube.com/watch?v=vJHiLEYlk9A,2:04,Backyardigans: Mission to Mars front seat on-ride 5K POV @60fps Movie Park Germany,0.0344444444444444,vJHiLEYlk9A
https://www.youtube.com/watch?v=nfwSu7RM-K4,0:42,World's Best Backyard Coaster!? Shadow Stalker on-ride 5K POV @60fps,0.0116666666666666,nfwSu7RM-K4
https://www.youtube.com/watch?v=aLiCaYLer1g,2:38,Pipeline: The Surf Coaster front seat on-ride 5K POV @60fps SeaWorld Orlando,0.0438888888888888,aLiCaYLer1g
https://www.youtube.com/watch?v=ev3Azsjut7Y,3:02,Pipeline: The Surf Coaster front seat on-ride reverse ridercam 5K POV @60fps SeaWorld Orlando,0.0505555555555555,ev3Azsjut7Y
https://www.youtube.com/watch?v=SQZ9nrypJ2o,1:09,Jimmy Neutron's Atomic Flyer front seat on-ride 5K POV @60fps Movie Park Germany,0.0191666666666666,SQZ9nrypJ2o
https://www.youtube.com/watch?v=o9ti1VM7Zho,2:15,Ghost Chasers front seat on-ride 5K POV @60fps Movie Park Germany,0.0375,o9ti1VM7Zho
https://www.youtube.com/watch?v=tHOX3JZal5g,2:09,Iron Claw front seat on-ride 5K POV @60fps Movie Park Germany,0.0358333333333333,tHOX3JZal5g
https://www.youtube.com/watch?v=_fCsv2VsucY,3:00,Bandit front seat on-ride 5K POV @60fps Movie Park Germany,0.05,_fCsv2VsucY
https://www.youtube.com/watch?v=poMItGgEUNw,2:08,Star Trek: Operation Enterprise back seat on-ride 5K POV @60fps Movie Park Germany,0.0355555555555555,poMItGgEUNw
https://www.youtube.com/watch?v=dp-Y5-dWweg,2:11,Star Trek: Operation Enterprise front seat on-ride 5K POV @60fps Movie Park Germany,0.0363888888888888,dp-Y5-dWweg
https://www.youtube.com/watch?v=gDKHb2cpSOE,2:43,Studio Tour back seat on-ride 5K POV @60fps Movie Park Germany,0.0452777777777777,gDKHb2cpSOE
https://www.youtube.com/watch?v=W2edSn2dM8E,3:10,Studio Tour front seat on-ride 5K POV @60fps Movie Park Germany,0.0527777777777777,W2edSn2dM8E
https://www.youtube.com/watch?v=q1QDDEmjyZo,2:39,Goliath horizon leveled front seat on-ride 4K POV @60fps Six Flags Over Georgia,0.0441666666666666,q1QDDEmjyZo
https://www.youtube.com/watch?v=mQWqdPxFLk4,3:14,Great American Scream Machine back seat on-ride backwards 5K POV @60fps  Six Flags Over Georgia,0.0538888888888888,mQWqdPxFLk4
https://www.youtube.com/watch?v=iM_QyefD20E,2:17,Batman: The Ride back seat on-ride backwards 5K POV @60fps  Six Flags Over Georgia,0.0380555555555555,iM_QyefD20E
https://www.youtube.com/watch?v=AxQZjZwqRPI,2:55,Dare Devil Dive back seat on-ride backwards 5K POV @60fps  Six Flags Over Georgia,0.0486111111111111,AxQZjZwqRPI
https://www.youtube.com/watch?v=7bV9rRoge20,3:36,Riddler Mindbender back seat on-ride 5K POV @60fps Six Flags Over Georgia,0.06,7bV9rRoge20
https://www.youtube.com/watch?v=Ubs0RtbgErw,2:38,Superman Ultimate Flight back seat on-ride 5K POV @60fps  Six Flags Over Georgia,0.0438888888888888,Ubs0RtbgErw
https://www.youtube.com/watch?v=c8OkQLouS1Q,2:39,Goliath  back seat on-ride backwards 5K POV @60fps  Six Flags Over Georgia,0.0441666666666666,c8OkQLouS1Q
https://www.youtube.com/watch?v=5XhNCcvEi1w,2:12,Batman: The Ride front seat on-ride 5K POV @60fps Six Flags Over Georgia,0.0366666666666666,5XhNCcvEi1w
https://www.youtube.com/watch?v=7fWwFOqjVeg,3:14,Great American Scream Machine front seat on-ride 5K POV @60fps Six Flags Over Georgia,0.0538888888888888,7fWwFOqjVeg
https://www.youtube.com/watch?v=Tl4cMXTqB5c,2:42,Superman Ultimate Flight front seat on-ride 5K POV @60fps Six Flags Over Georgia,0.045,Tl4cMXTqB5c
https://www.youtube.com/watch?v=JY6d6HN1O7w,2:46,Dare Devil Dive front seat on-ride 5K POV @60fps Six Flags Over Georgia,0.0461111111111111,JY6d6HN1O7w
https://www.youtube.com/watch?v=FwWGkBPn38U,3:42,Riddler Mindbender front seat on-ride 5K POV @60fps Six Flags Over Georgia,0.0616666666666666,FwWGkBPn38U
https://www.youtube.com/watch?v=K6pQr6g-Lgc,2:46,Goliath front seat on-ride 5K POV @60fps Six Flags Over Georgia,0.0461111111111111,K6pQr6g-Lgc
https://www.youtube.com/watch?v=19OCUh8edPM,2:42,ArieForce One back seat on-ride 4K POV @60fps Fun Spot America Atlanta,0.045,19OCUh8edPM
https://www.youtube.com/watch?v=c3O7-cfcQ1Y,2:28,ArieForce One front seat on-ride 4K POV @60fps Fun Spot America Atlanta,0.0411111111111111,c3O7-cfcQ1Y
https://www.youtube.com/watch?v=edhEC3_C8wo,2:04,Heidi The Ride back seat on-ride 5K POV @60fps Plopsaland De Panne,0.0344444444444444,edhEC3_C8wo
https://www.youtube.com/watch?v=h4AFvBUvz_w,2:04,Heidi The Ride front seat on-ride 5K POV @60fps Plopsaland De Panne,0.0344444444444444,h4AFvBUvz_w
https://www.youtube.com/watch?v=PAXYbGfbdOg,2:21,Draak front seat on-ride 5K POV @60fps Plopsaland De Panne,0.0391666666666666,PAXYbGfbdOg
https://www.youtube.com/watch?v=3bcgUQy65wk,3:04,K3 Roller Skater front seat on-ride 5K POV @60fps Plopsaland De Panne,0.0511111111111111,3bcgUQy65wk
https://www.youtube.com/watch?v=b7N5uJ-IQUc,8:24,Cliff Carver front seat on-ride 5K POV @60fps Camp FIMFO Texas Hill Country,0.1399999999999999,b7N5uJ-IQUc
https://www.youtube.com/watch?v=fQPUn4q33jM,2:14,Serengeti Flyer on-ride 5K POV @60fps Busch Gardens Tampa,0.0372222222222222,fQPUn4q33jM
https://www.youtube.com/watch?v=7Lps7GihJbs,3:49,TRON Lightcycle / Run back seat on-ride 5K POV @60fps Walt Disney World's Magic Kingdom,0.0636111111111111,7Lps7GihJbs
https://www.youtube.com/watch?v=VmqMoKVau2Y,2:23,TRON Lightcycle / Run front seat on-ride 5K POV @60fps Walt Disney World's Magic Kingdom,0.0397222222222222,VmqMoKVau2Y
https://www.youtube.com/watch?v=GrqbOdDwCvw,2:17,Ride To Happiness front seat on-ride 5K POV @60fps Plopsaland De Panne,0.0380555555555555,GrqbOdDwCvw
https://www.youtube.com/watch?v=pRrmU3khJAg,3:29,Apollo's Chariot back seat on-ride 5K POV @60fps Busch Gardens Williamsburg,0.0580555555555555,pRrmU3khJAg
https://www.youtube.com/watch?v=a0inH_zqst0,3:18,Apollo's Chariot front seat on-ride 5K POV @60fps Busch Gardens Williamsburg,0.055,a0inH_zqst0
https://www.youtube.com/watch?v=FPDmqTSvzS8,3:35,Griffon back seat on-ride 5K POV @60fps Busch Gardens Williamsburg,0.0597222222222222,FPDmqTSvzS8
https://www.youtube.com/watch?v=paUww0Pso_k,3:25,Griffon front seat on-ride 5K POV @60fps Busch Gardens Williamsburg,0.0569444444444444,paUww0Pso_k
https://www.youtube.com/watch?v=Htr7pVNbZak,2:59,Alpengeist back seat on-ride 5K POV @60fps Busch Gardens Williamsburg,0.0497222222222222,Htr7pVNbZak
https://www.youtube.com/watch?v=PEIVFO3sxNk,2:55,Alpengeist front seat on-ride 5K POV @60fps Busch Gardens Williamsburg,0.0486111111111111,PEIVFO3sxNk
https://www.youtube.com/watch?v=NEKZy4dCeqs,3:11,Loch Ness Monster front seat on-ride 5K POV @60fps Busch Gardens Williamsburg,0.0530555555555555,NEKZy4dCeqs
https://www.youtube.com/watch?v=7JTTNUJrLjQ,2:16,Invadr front seat on-ride 5K POV @60fps Busch Gardens Williamsburg Invader,0.0377777777777777,7JTTNUJrLjQ
https://www.youtube.com/watch?v=yxEHQJfLkeE,4:01,Escape From Pompeii front seat on-ride 5K POV @60fps Busch Gardens Williamsburg,0.0669444444444444,yxEHQJfLkeE
https://www.youtube.com/watch?v=3TA0npTkvDI,1:10,Tempesto front seat on-ride 5K POV @60fps Busch Gardens Williamsburg,0.0194444444444444,3TA0npTkvDI
https://www.youtube.com/watch?v=4Vwo9GDGTQ4,12:26,Splash Mountain front seat on-ride 5K POV @60fps Walt Disney World's Magic Kingdom,0.2072222222222222,4Vwo9GDGTQ4
https://www.youtube.com/watch?v=ioYVI-K-MpY,2:17,Mach Tower on-ride 5K POV @60fps Busch Gardens Williamsburg,0.0380555555555555,ioYVI-K-MpY
https://www.youtube.com/watch?v=OiJtuU4VfWI,2:29,New Coasters of 2022 Recap,0.0413888888888888,OiJtuU4VfWI
https://www.youtube.com/watch?v=gqSxb5VonmM,2:23,Cheetah Hunt front seat on-ride 5K POV @60fps Water On Busch Gardens Tampa,0.0397222222222222,gqSxb5VonmM
https://www.youtube.com/watch?v=Zcf7dw4528I,1:03,Dalton Terror on-ride 5K POV @60fps Walibi Belgium,0.0174999999999999,Zcf7dw4528I
https://www.youtube.com/watch?v=AUg5bCYJYdI,2:07,Cobra front seat on-ride 5K POV @60fps Walibi Belgium,0.0352777777777777,AUg5bCYJYdI
https://www.youtube.com/watch?v=I6x9F3h_ug4,3:16,Calamity Mine front seat on-ride 5K POV @60fps Walibi Belgium,0.0544444444444444,I6x9F3h_ug4
https://www.youtube.com/watch?v=7H34tkzUgyM,2:14,Vampire front seat on-ride 5K POV @60fps Walibi Belgium,0.0372222222222222,7H34tkzUgyM
https://www.youtube.com/watch?v=vKsXK9Tlsn8,1:49,Fun Pilot front seat on-ride 5K POV @60fps Walibi Belgium,0.0302777777777777,vKsXK9Tlsn8
https://www.youtube.com/watch?v=YJEZ9dkuBXY,1:13,Psyke Underground front seat on-ride 5K POV @60fps Walibi Belgium,0.0202777777777777,YJEZ9dkuBXY
https://www.youtube.com/watch?v=Cey8OsND1X0,3:12,Loup Garou front seat on-ride 5K POV @60fps Walibi Belgium,0.0533333333333333,Cey8OsND1X0
https://www.youtube.com/watch?v=Xf_kylOa5Jo,1:57,Pulsar front seat on-ride 5K POV @60fps Walibi Belgium,0.0325,Xf_kylOa5Jo
https://www.youtube.com/watch?v=sFOd7aSbyb8,2:08,Tiki Waka front seat on-ride 5K POV @60fps Walibi Belgium,0.0355555555555555,sFOd7aSbyb8
https://www.youtube.com/watch?v=xtohVSBxAK4,3:02,Red Baron on-ride 5K POV @60fps IAAPA Expo,0.0505555555555555,xtohVSBxAK4
https://www.youtube.com/watch?v=U7HHAgW34W4,2:06,Kondaa back seat on-ride 5K POV @60fps Walibi Belgium,0.0349999999999999,U7HHAgW34W4
https://www.youtube.com/watch?v=4YPxon1btYY,1:15,Brava! on-ride backwards 5K POV @60fps MASS MoCA,0.0208333333333333,4YPxon1btYY
https://www.youtube.com/watch?v=d2KtMQqho-E,1:31,Brava! on-ride reverse ridercam 5K POV @60fps MASS MoCA,0.0252777777777777,d2KtMQqho-E
https://www.youtube.com/watch?v=bG9jLUwE7vY,1:22,Brava! front seat on-ride 5K POV @60fps MASS MoCA,0.0227777777777777,bG9jLUwE7vY
https://www.youtube.com/watch?v=Bx5IUNLX_SY,2:09,Kondaa front seat on-ride 5K POV @60fps Walibi Belgium,0.0358333333333333,Bx5IUNLX_SY
https://www.youtube.com/watch?v=WsygGF5MMzQ,1:35,Pegasus back seat on-ride 5K POV @60fps Mt. Olympus Water & Theme Park,0.0263888888888888,WsygGF5MMzQ
https://www.youtube.com/watch?v=M-5njNdYnAY,1:51,Cyclops back seat on-ride 5K POV @60fps Mt. Olympus Water & Theme Park,0.0308333333333333,M-5njNdYnAY
https://www.youtube.com/watch?v=qvPHjgCU8Vs,2:17,Zeus back seat on-ride 5K POV @60fps Mt. Olympus Water & Theme Park,0.0380555555555555,qvPHjgCU8Vs
https://www.youtube.com/watch?v=R5hMklUqCO8,2:40,Hades 360 back seat on-ride 5K POV @60fps Mt. Olympus Water & Theme Park,0.0444444444444444,R5hMklUqCO8
https://www.youtube.com/watch?v=TrkSznF8yas,2:16,Cyclops front seat on-ride 5K POV @60fps Mt. Olympus Water & Theme Park,0.0377777777777777,TrkSznF8yas
https://www.youtube.com/watch?v=_lUkv-xFzc8,2:24,Zeus front seat on-ride 5K POV @60fps Mt. Olympus Water & Theme Park,0.04,_lUkv-xFzc8
https://www.youtube.com/watch?v=iAvWtmvYzKE,2:44,Hades 360 front seat on-ride 5K POV @60fps Mt. Olympus Water & Theme Park,0.0455555555555555,iAvWtmvYzKE
https://www.youtube.com/watch?v=zXtCku1AmEg,1:37,Pegasus front seat on-ride 5K POV @60fps Mt. Olympus Water & Theme Park,0.0269444444444444,zXtCku1AmEg
https://www.youtube.com/watch?v=a8uvzpiwkk8,1:54,Cyclone on-ride reverse ridercam 5K POV @60fps Wonderland Amusement Park,0.0316666666666666,a8uvzpiwkk8
https://www.youtube.com/watch?v=qammHpUwY-4,2:50,Cyclone front seat on-ride 5K POV @60fps Wonderland Amusement Park,0.0472222222222222,qammHpUwY-4
https://www.youtube.com/watch?v=p0I2DHMkwN4,2:35,Mouse Trap front seat on-ride 5K POV @60fps Wonderland Amusement Park,0.0430555555555555,p0I2DHMkwN4
https://www.youtube.com/watch?v=k8SdR1pHyIs,1:44,Hornet front seat on-ride 5K POV @60fps Wonderland Amusement Park,0.0288888888888888,k8SdR1pHyIs
https://www.youtube.com/watch?v=8rP7_anhsU4,2:06,Texas Tornado front seat on-ride 5K POV @60fps Wonderland Amusement Park,0.0349999999999999,8rP7_anhsU4
https://www.youtube.com/watch?v=hLZe30Yns7k,3:09,NebulaZ on-ride 5K POV @60fps Adventuredome,0.0525,hLZe30Yns7k
https://www.youtube.com/watch?v=g61v0SNoCCY,1:24,Slingshot on-ride 5K POV @60fps Adventuredome,0.0233333333333333,g61v0SNoCCY
https://www.youtube.com/watch?v=1kx4nkj1mqI,2:02,Canyon Blaster front seat on-ride 5K POV @60fps Adventuredome,0.0338888888888888,1kx4nkj1mqI
https://www.youtube.com/watch?v=V7XqL0glMtI,1:39,El Loco front seat on-ride 5K POV @60fps Adventuredome,0.0275,V7XqL0glMtI
https://www.youtube.com/watch?v=Sfmgx8vi-vU,3:48,Big Thunder Mountain Railroad on-ride 5K POV @60fps Disneyland,0.0633333333333333,Sfmgx8vi-vU
https://www.youtube.com/watch?v=RNiDcBiFuao,1:35,Dream Hunters Society front seat on-ride 5K POV @60fps Legendia,0.0263888888888888,RNiDcBiFuao
https://www.youtube.com/watch?v=yetEtP8A9jM,2:28,Devil's Loop front seat on-ride 5K POV @60fps Legendia,0.0411111111111111,yetEtP8A9jM
https://www.youtube.com/watch?v=hDINnG7hpUM,2:15,Tidal Surge on-ride 5K POV @60fps SeaWorld San Antonio,0.0375,hDINnG7hpUM
https://www.youtube.com/watch?v=FuxJiNndEK4,3:08,Frutti Loop Coaster front seat on-ride 5K POV @60fps Energylandia,0.0522222222222222,FuxJiNndEK4
https://www.youtube.com/watch?v=XpA1hM6tahU,1:54,Mantis Front Row on-ride POV Cedar Point,0.0316666666666666,XpA1hM6tahU
https://www.youtube.com/watch?v=f-S_UyKvG_U,1:00,Wicked Twister Front Seat on-ride POV Cedar Point,0.0166666666666666,f-S_UyKvG_U
https://www.youtube.com/watch?v=Rf2b-zu5ilM,2:11,Mean Streak Front Seat on-ride POV Cedar Point,0.0363888888888888,Rf2b-zu5ilM
https://www.youtube.com/watch?v=nTiY5dZP9Mo,0:59,Frida front seat on-ride 5K POV @60fps Energylandia,0.0163888888888888,nTiY5dZP9Mo
https://www.youtube.com/watch?v=sX77EgoWP4I,2:24,Viking Roller Coaster front seat on-ride 5K POV @60fps Energylandia,0.04,sX77EgoWP4I
https://www.youtube.com/watch?v=Ljwu0YyhK44,1:15,Dragon Roller Coaster front seat on-ride 5K POV @60fps Energylandia,0.0208333333333333,Ljwu0YyhK44
https://www.youtube.com/watch?v=I4Bxd93EAjw,3:00,Sand Storm front seat on-ride 5K POV @60fps Joyland Amusement Park,0.05,I4Bxd93EAjw
https://www.youtube.com/watch?v=19NA065lG_E,2:18,Galaxi front seat on-ride 5K POV @60fps Joyland Amusement Park,0.0383333333333333,19NA065lG_E
https://www.youtube.com/watch?v=eoWfTYTbr1Y,2:00,Poltergeist front seat on-ride 5K POV @60fps Six Flags Fiesta Texas,0.0333333333333333,eoWfTYTbr1Y
https://www.youtube.com/watch?v=WGcu8JpsOMU,2:28,Dr. Diabolical's Cliffhanger front seat on-ride 5K POV @60fps Six Flags Fiesta Texas,0.0411111111111111,WGcu8JpsOMU
https://www.youtube.com/watch?v=HvZDEEcOoCQ,1:44,Top Thrill Dragster Front Seat on-ride POV Cedar Point,0.0288888888888888,HvZDEEcOoCQ
https://www.youtube.com/watch?v=kBABM9LaPUQ,1:21,Light Explorers front seat on-ride 5K POV @60fps Energylandia,0.0225,kBABM9LaPUQ
https://www.youtube.com/watch?v=RWLLw8fNXZA,1:59,Roller Coaster Mayan front seat 5K POV @60fps Energylandia,0.0330555555555555,RWLLw8fNXZA
https://www.youtube.com/watch?v=XeBR8yXH_wQ,2:25,Zadra back seat on-ride 5K POV @60fps Energylandia,0.0402777777777777,XeBR8yXH_wQ
https://www.youtube.com/watch?v=k6CsQz4vYVc,2:18,Hyperion back seat on-ride 5K POV @60fps Energylandia,0.0383333333333333,k6CsQz4vYVc
https://www.youtube.com/watch?v=26SPZ6nUeQI,1:27,Formula front seat on-ride 5K POV @60fps Energylandia,0.0241666666666666,26SPZ6nUeQI
https://www.youtube.com/watch?v=LsRy9rdl_cg,2:13,Hyperion front seat on-ride 5K POV @60fps Energylandia,0.0369444444444444,LsRy9rdl_cg
https://www.youtube.com/watch?v=HnP0pAR2lc0,2:22,Zadra front seat on-ride 5K POV @60fps Energylandia,0.0394444444444444,HnP0pAR2lc0
https://www.youtube.com/watch?v=23jgdtsyxGo,4:37,Speed front seat on-ride 5K POV @60fps Energylandia,0.0769444444444444,23jgdtsyxGo
https://www.youtube.com/watch?v=gLSrn2NIcgY,2:08,Abyssus front seat on-ride 5K POV @60fps Energylandia,0.0355555555555555,gLSrn2NIcgY
https://www.youtube.com/watch?v=Zka-dKJvhEY,1:50,Defiance front seat on-ride reverse ridercam 5K POV @60fps Glenwood Caverns Adventure Park,0.0305555555555555,Zka-dKJvhEY
https://www.youtube.com/watch?v=HewHyXZ0BTE,1:51,Defiance front seat on-ride 5K POV @60fps Glenwood Caverns Adventure Park,0.0308333333333333,HewHyXZ0BTE
https://www.youtube.com/watch?v=mSxmsFSiVRM,1:57,Lech Coaster back seat on-ride backwards 5K POV @60fps Legendia,0.0325,mSxmsFSiVRM
https://www.youtube.com/watch?v=ga2nw6yMkYM,1:59,Lech Coaster back seat on-ride 5K POV @60fps Legendia,0.0330555555555555,ga2nw6yMkYM
https://www.youtube.com/watch?v=6In76t48kUc,1:55,Lech Coaster front seat on-ride 5K POV @60fps Legendia,0.0319444444444444,6In76t48kUc
https://www.youtube.com/watch?v=ZXovZDySfmg,2:02,Texas Wildcat front seat on-ride 5K POV @60fps Cotaland,0.0338888888888888,ZXovZDySfmg
https://www.youtube.com/watch?v=Wy8WxtZBlmM,1:59,Luigi's Rollickin Roadsters on-ride 5K POV @60fps Disney California Adventure,0.0330555555555555,Wy8WxtZBlmM
https://www.youtube.com/watch?v=LCuC0Gb4QjQ,6:41,Grizzly River Run on-ride 5K POV @60fps Disney California Adventure,0.1113888888888889,LCuC0Gb4QjQ
https://www.youtube.com/watch?v=yrzLi88q8bY,2:15,Goofy's Sky School front seat on-ride 5K POV @60fps Disney California Adventure Park,0.0375,yrzLi88q8bY
https://www.youtube.com/watch?v=W57hq9GCkRA,2:00,Pantheon back seat on-ride 5K POV @60fps Busch Gardens Williamsburg,0.0333333333333333,W57hq9GCkRA
https://www.youtube.com/watch?v=posarJWTKsc,2:24,Pantheon back seat on-ride reverse ridercam 5K POV @60fps Busch Gardens Williamsburg,0.04,posarJWTKsc
https://www.youtube.com/watch?v=auEcOrKqE94,2:02,Pantheon front seat on-ride 5K POV @60fps Busch Gardens Williamsburg,0.0338888888888888,auEcOrKqE94
https://www.youtube.com/watch?v=ISMYc--_ErI,11:05,Splash Mountain front seat on-ride 5K POV @60fps Disneyland,0.1847222222222222,ISMYc--_ErI
https://www.youtube.com/watch?v=bXCzo8jxL_4,3:50,Matterhorn Bobsleds (left track) front seat on-ride 5K POV @60fps Disneyland,0.0638888888888888,bXCzo8jxL_4
https://www.youtube.com/watch?v=7zCUE_4iHfY,4:22,Matterhorn Bobsleds (right track) front seat on-ride 5K POV @60fps Disneyland,0.0727777777777777,7zCUE_4iHfY
https://www.youtube.com/watch?v=s7nzR94AlmU,3:23,Incredicoaster front seat on-ride 5K POV @60fps Disney California Adventure Park,0.0563888888888888,s7nzR94AlmU
https://www.youtube.com/watch?v=NZ3mjtUi1Bo,1:10,Super Grovers Box Car Derby front seat 5K POV @60fps Sesame Place,0.0194444444444444,NZ3mjtUi1Bo
https://www.youtube.com/watch?v=1geutIGw7UQ,1:04,Electric Eel back seat on-ride 5K POV @60fps SeaWorld San Diego,0.0177777777777777,1geutIGw7UQ
https://www.youtube.com/watch?v=L8cgm_ON14o,1:04,Electric Eel front seat on-ride 5K POV @60fps SeaWorld San Diego,0.0177777777777777,L8cgm_ON14o
https://www.youtube.com/watch?v=8I-fu-aeh3k,3:49,Sidewinder Safari on-ride 5K POV @60fps Six Flags Discovery Kingdom,0.0636111111111111,8I-fu-aeh3k
https://www.youtube.com/watch?v=giz3twG6noI,6:56,Journey To Atlantis front seat on-ride 5K POV @60fps SeaWorld San Diego,0.1155555555555555,giz3twG6noI
https://www.youtube.com/watch?v=xY9st3-nnaM,2:31,Manta back seat on-ride 5K POV @60fps SeaWorld San Diego,0.0419444444444444,xY9st3-nnaM
https://www.youtube.com/watch?v=O_RJEe2dRjc,2:32,Manta front seat on-ride 5K POV @60fps SeaWorld San Diego,0.0422222222222222,O_RJEe2dRjc
https://www.youtube.com/watch?v=2Qyeep9FSW0,2:22,Emperor back seat on-ride 5K POV @60fps SeaWorld San Diego,0.0394444444444444,2Qyeep9FSW0
https://www.youtube.com/watch?v=1wW43jj3x5Q,2:53,Emperor front seat on-ride 5K POV @60fps SeaWorld San Diego,0.0480555555555555,1wW43jj3x5Q
https://www.youtube.com/watch?v=xoVKv7gkPNE,2:30,Galaxi front seat on-ride 5K POV @60fps Cliff's Amusement Park,0.0416666666666666,xoVKv7gkPNE
https://www.youtube.com/watch?v=vjVEgcmNaIg,2:08,New Mexico Rattler back seat on-ride 5K POV @60fps Cliff's Amusement Park,0.0355555555555555,vjVEgcmNaIg
https://www.youtube.com/watch?v=zW5surMKy5A,2:11,New Mexico Rattler front seat on-ride 5K POV @60fps Cliff's Amusement Park,0.0363888888888888,zW5surMKy5A
https://www.youtube.com/watch?v=qlbeRgNSNyk,2:39,Mako back seat on-ride 5K POV @60fps SeaWorld Orlando,0.0441666666666666,qlbeRgNSNyk
https://www.youtube.com/watch?v=lFKAoQ1esqQ,3:49,Kraken Back seat on-ride 5K POV @60fps SeaWorld Orlando,0.0636111111111111,lFKAoQ1esqQ
https://www.youtube.com/watch?v=3rvR4Suevw4,2:59,Montu back seat on-ride 5K POV @60fps Busch Gardens Tampa,0.0497222222222222,3rvR4Suevw4
https://www.youtube.com/watch?v=GyY0AJotjFI,4:03,Kumba back seat on-ride 5K POV @60fps Busch Gardens Tampa,0.0675,GyY0AJotjFI
https://www.youtube.com/watch?v=fi_ugEfCvMA,3:33,Montu front seat on-ride 5K POV @60fps Busch Gardens Tampa,0.0591666666666666,fi_ugEfCvMA
https://www.youtube.com/watch?v=KsxKS1EAv64,3:14,Orlando FreeFall on-ride 5K POV @ 60fps world's tallest drop tower at ICON Park,0.0538888888888888,KsxKS1EAv64
https://www.youtube.com/watch?v=vnKKtDo6fQc,3:43,Ice Breaker back seat on-ride 5K POV @ 60fps SeaWorld Orlando,0.0619444444444444,vnKKtDo6fQc
https://www.youtube.com/watch?v=v29giLvTzXU,2:44,Ice Breaker front seat on-ride 5K POV @ 60fps SeaWorld Orlando,0.0455555555555555,v29giLvTzXU
https://www.youtube.com/watch?v=wQLQmetYONs,3:00,Iron Gwazi back seat on-ride 5K POV @60FPS Busch Gardens Tampa,0.05,wQLQmetYONs
https://www.youtube.com/watch?v=NkCtNaThbmE,3:10,Iron Gwazi front seat on-ride 5K POV @60FPS Busch Gardens Tampa,0.0527777777777777,NkCtNaThbmE
https://www.youtube.com/watch?v=glgRO5rYVmM,3:15,Kraken front seat on-ride 5K POV @60fps SeaWorld Orlando,0.0541666666666666,glgRO5rYVmM
https://www.youtube.com/watch?v=XnUd83Yyuso,1:51,Land Rover Defender On Mountain Roads x FPV Drone,0.0308333333333333,XnUd83Yyuso
https://www.youtube.com/watch?v=W1oJXl4fy1I,0:41,DoÄŸanÄ±n Ä°Ã§inde | Cinematic FPV,0.0113888888888888,W1oJXl4fy1I
https://www.youtube.com/watch?v=rFfYYMkW1LQ,0:44,Diving Telecommunication Tower | Cinematic FPV,0.0122222222222222,rFfYYMkW1LQ
https://www.youtube.com/watch?v=2ZZajifz7ig,32:46,Drive Through Lake Garda,0.5461111111111111,2ZZajifz7ig
https://www.youtube.com/watch?v=1i8kUkptBZw,11:54,"Visiting Il Turuziello in Massa Lubrense, Italy",0.1983333333333333,1i8kUkptBZw
https://www.youtube.com/watch?v=urfHLHQs1ss,7:04,The Seceda Mountain,0.1177777777777777,urfHLHQs1ss
https://www.youtube.com/watch?v=GHC0K5V_cXk,4:44,The Island of Capri,0.0788888888888888,GHC0K5V_cXk
https://www.youtube.com/watch?v=U_kvtII3j9g,14:10,Drive to Lago di Braies,0.2361111111111111,U_kvtII3j9g
https://www.youtube.com/watch?v=NJguvs1nRj8,19:14,Drive through Gardena Pass,0.3205555555555555,NJguvs1nRj8
https://www.youtube.com/watch?v=1l7K2DE5Z1E,1:00:00,Hanover Germany 4k Walking Tour,1.0,1l7K2DE5Z1E
https://www.youtube.com/watch?v=qGadsdGBLqk,1:01:46,Hanover 4k Walking Tour 4k 60fps,1.0294444444444444,qGadsdGBLqk
https://www.youtube.com/watch?v=JopqlrzQnsA,12:34,æ»‘ç¿”ä¼žå’Œæ‚¬æŒ‚å¼æ»‘ç¿”æœºçš„ä¸€å¤©ï¼Œç‘žå£«å› ç‰¹æ‹‰è‚¯|çœŸæ­£çš„ 4K è¶…é«˜æ¸…è§†é¢‘,0.2094444444444444,JopqlrzQnsA
https://www.youtube.com/watch?v=TXyiWCBfhuc,51:01,2022 ç‘žå£« 4K - Goldenpass Line ç«è½¦ä¹‹æ—… - Sannenmoser Gstaad Montbovon | 4K 60fps è§†é¢‘,0.8502777777777778,TXyiWCBfhuc
https://www.youtube.com/watch?v=ftfncV2CgwI,26:04,æ ¼æž—å¾·ç“¦æ‘ 4K | SCHWEIZï¼Œå°‘å¥³å³°å€ | Echtes 4K 60p è¶…é«˜æ¸…è¦–é »,0.4344444444444444,ftfncV2CgwI
https://www.youtube.com/watch?v=qZZm5rej9Zw,25:11,ç‘žå£«4K Zweisimmen æ‘- æ ¼æ–½å¡”å¾·åœ°åŒº| é«˜åˆ†è¾¨çŽ‡ç…§ç‰‡| CLIPARTOåˆå¤æ±½è½¦é©¾é©¶ |çœŸæ­£çš„ 4K è¶…é«˜æ¸…è§†é¢‘,0.4197222222222222,qZZm5rej9Zw
https://www.youtube.com/watch?v=O4ost7H7qwA,38:02,ç«¥è¯èˆ¬çš„ç‘žå£«4K |åœ¨ GSTAAD å’Œ Spiez æ‘åº„ä¹‹é—´ |çœŸæ­£çš„ 4K è¶…é«˜æ¸…è§†é¢‘,0.6338888888888888,O4ost7H7qwA
https://www.youtube.com/watch?v=obcL1wJX7Wc,47:02,ç‘žå£«å†°å·å¿«è½¦ - å…¨ç¨‹ç«è½¦ä¹‹æ—… - ç¬¬ 1 éƒ¨åˆ†å®‰å¾·é©¬ç‰¹åˆ°è¿ªæ£®è’‚æ–¯ - 4K 60fps è§†é¢‘,0.7838888888888889,obcL1wJX7Wc
https://www.youtube.com/watch?v=UbOASYfVmIs,17:28,"ðŸ‡¨ðŸ‡­Grindelwald, Switzerland - A Winter Paradise | Panoramic Views 5K/ 4K 60fps",0.2911111111111111,UbOASYfVmIs
https://www.youtube.com/watch?v=GyQGCt5cLyg,20:32,"SCHYNIGE PLATTE, Switzerland | View Above the Clouds â€¢ 4K 60fps",0.3422222222222222,GyQGCt5cLyg
https://www.youtube.com/watch?v=BE__w7iS6G8,27:25,ðŸ‡¨ðŸ‡­Autumn ðŸ Lauterbrunnen - Interlaken Switzerland 2021 â€¢ 5K 60fps Video,0.4569444444444444,BE__w7iS6G8
https://www.youtube.com/watch?v=0wGE_VBcrUo,17:59,Interlaken Switzerland 5K/ 4K Video,0.2997222222222222,0wGE_VBcrUo
https://www.youtube.com/watch?v=Ziz67j7_iV8,15:58,Iseltwald Switzerland - A Charming Swiss Village â€¢ Walk Tour | 5K UHD Video,0.2661111111111111,Ziz67j7_iV8
https://www.youtube.com/watch?v=prb4lZpUqYM,8:34,"ðŸ‡¨ðŸ‡­Wilderswil - Interlaken, Switzerland 2021 Summer Cab Ride 5K/ 4K UHD Video",0.1427777777777777,prb4lZpUqYM
https://www.youtube.com/watch?v=5rW9nl8PpCA,15:25,"Lauterbrunnen Switzerland, Cows & Cow Parade - Alpabzug AlpabfÃ¤hrt | 4K UHD Video",0.2569444444444444,5rW9nl8PpCA
https://www.youtube.com/watch?v=qlfv6bio6VI,35:39,"ðŸ‡¨ðŸ‡­ Interlaken - Grindelwald, Switzerland â€¢ A Breathtaking Train Journey â€¢ 4K 60fps Video",0.5941666666666667,qlfv6bio6VI
https://www.youtube.com/watch?v=WjabpupbdT4,29:47,ðŸ‡¨ðŸ‡­Lucerne - Engelberg Express â€¢ Switzerland Train Journey â€¢ 5K 60p UHD Video,0.4963888888888889,WjabpupbdT4
https://www.youtube.com/watch?v=gvElh_6pLLI,11:18,ðŸ‡¨ðŸ‡­ICE PALACE â€¢ Jungfraujoch -Top of Europe Switzerland â€¢ Highlights Part 2 | 5K/ 4K UHD Video,0.1883333333333333,gvElh_6pLLI
https://www.youtube.com/watch?v=1sVTFDyP5nA,17:38,"ðŸ‡¨ðŸ‡­Jungfraujoch -Top of Europe, Switzerland  â€¢ Highlights Part 1 | 5K/ 4K UHD Video",0.2938888888888888,1sVTFDyP5nA
https://www.youtube.com/watch?v=dmR0QjdctqY,34:04,"ðŸ‡¨ðŸ‡­ZURICH Switzerland, Car Driving View | 5K/ 4K Video",0.5677777777777777,dmR0QjdctqY
https://www.youtube.com/watch?v=ULX3DOXXDrw,30:02,ðŸ‡¨ðŸ‡­Davos Platz - Filisur Switzerland Train Journey â€¢ Historical Coaches â€¢ 5K 60fps UHD Video,0.5005555555555555,ULX3DOXXDrw
https://www.youtube.com/watch?v=LALnnuleMys,44:24,"ðŸ‡¨ðŸ‡­Spiez - Zweisimmen, Switzerland Summer Cab Ride 5K/ 4K UHD Video",0.74,LALnnuleMys
https://www.youtube.com/watch?v=7TLkkPlvhtc,18:14,"Lauterbrunnen - Interlaken, Switzerland Train Journey Summer 2021 | 5K/ 4K UHD Video",0.3038888888888889,7TLkkPlvhtc
https://www.youtube.com/watch?v=rJLnQ9zp94w,29:35,"Lauterbrunnen - Wengen - Kleine Scheidegg Switzerland, Train Journey, Jungfrau Series 5K UHD Video",0.4930555555555556,rJLnQ9zp94w
https://www.youtube.com/watch?v=AticHL0wXKE,39:51,"Kandersteg - Interlaken, Switzerland 2021 Summer Cab Ride 5K/ 4K UHD Video",0.6641666666666667,AticHL0wXKE
https://www.youtube.com/watch?v=3R6isZC1RoI,28:46,"Grindelwald - Kleine Scheidegg, Switzerland Train Journey, Jungfraujoch Series | 5K UHD Video",0.4794444444444444,3R6isZC1RoI
https://www.youtube.com/watch?v=nnRKhD5Bhz4,51:38,"ZURICH Switzerland, WALK Tour Part-I | 5K/ 4K UHD Video",0.8605555555555555,nnRKhD5Bhz4
https://www.youtube.com/watch?v=M0CoI0F18cY,26:35,"Sigriswil - Interlaken, Switzerland Summer Cab Ride | 4K UHD Video",0.4430555555555556,M0CoI0F18cY
https://www.youtube.com/watch?v=GiPDFoCqnkY,17:11,"EIGER EXPRESS, Grindelwald, Switzerland - Jungfraujoch Series | 5K UHD Video",0.2863888888888888,GiPDFoCqnkY
https://www.youtube.com/watch?v=2yjd4xbDlp0,29:48,"ðŸ‡¨ðŸ‡­ Kleine Scheidegg- Wengen- Lauterbrunnen, Switzerland Train Journey, Jungfrau Series 5K UHD Video",0.4966666666666666,2yjd4xbDlp0
https://www.youtube.com/watch?v=iDRAo5WXCdM,1:03:34,ðŸ‡¨ðŸ‡­ æ ¼æ–½å¡”å¾·åˆ°æ–½çš®èŒ¨ï¼Œç‘žå£« 2021 å¤å­£ä¹˜è½¦ 5K/4K è§†é¢‘,1.0594444444444444,iDRAo5WXCdM
https://www.youtube.com/watch?v=NdXt7Ds9S5A,23:17,"Zweisimmen to GSTAAD, Switzerland 4K Summer Cab View â€¢ 5K UHD Video",0.3880555555555556,NdXt7Ds9S5A
https://www.youtube.com/watch?v=P9wlSloJxP8,37:26,"Grindelwald - Lauterbrunnen Train Journey,  Switzerland Summer | 5K/ 4K UHD Video",0.6238888888888889,P9wlSloJxP8
https://www.youtube.com/watch?v=HOpSpA5IdJY,47:11,"ðŸ‡¨ðŸ‡­ Thun - Interlaken, Switzerland Summer Cab Ride 5K/ 4K UHD Video",0.7863888888888889,HOpSpA5IdJY
https://www.youtube.com/watch?v=LsWeBYRaGfU,26:28,å› ç‰¹æ‹‰è‚¯ - ç‘žå£«æ ¼æž—å¾·ç“¦ - å¤å­£æ±½è½¦é©¾é©¶ 5K UHD è§†é¢‘,0.4411111111111111,LsWeBYRaGfU
https://www.youtube.com/watch?v=3dZVLvZvoEc,4:54,"ðŸ‡¨ðŸ‡­Switzerland Oeschinensee Mountain Coaster, Kandersteg | 5K/ 4K 60fps Video",0.0816666666666666,3dZVLvZvoEc
https://www.youtube.com/watch?v=C7DgkyhH7qM,8:57,"ðŸ‡¨ðŸ‡­Thrilling CLIFF WALK at GRINDELWALD FIRST, Switzerland | 5K/ 4K 60fps Video",0.1491666666666666,C7DgkyhH7qM
https://www.youtube.com/watch?v=iSN2mdoiMHU,32:14,åŠ³ç‰¹å¸ƒé¾™å«©åˆ°æ ¼æž—å¾·ç“¦æ±½è½¦é©¾é©¶ç‘žå£« 4K | 5K è¶…é«˜æ¸…è§†é¢‘,0.5372222222222223,iSN2mdoiMHU
https://www.youtube.com/watch?v=o-l5H-hJ2TA,11:08,"ðŸ‡¨ðŸ‡­Lauterbrunnen, Switzerland 2021- Summer Cab Ride | 5K/ 4K UHD Video",0.1855555555555555,o-l5H-hJ2TA
https://www.youtube.com/watch?v=31W4H9wyKbU,3:00,"ðŸ‡¨ðŸ‡­Rhine Fall Schaffhausen, Switzerland - Autumn | 4K Video",0.05,31W4H9wyKbU
https://www.youtube.com/watch?v=6dcA3kB_6Gk,10:16,ðŸ‡¨ðŸ‡­Musikalisches Feuerwerk in ZÃ¼ri FÃ¤scht 2019 (Zurich Fest) | Drone Show 4K UHD Video,0.1711111111111111,6dcA3kB_6Gk
https://www.youtube.com/watch?v=jEnsNo7pyIg,11:03,ðŸ‡¨ðŸ‡­Switzerland from Above (around Mount Pilatus )- Part 2/n | 4K UHD Drone Video,0.1841666666666666,jEnsNo7pyIg
https://www.youtube.com/watch?v=sTbEX0xwtHw,2:17,ðŸŽ¢  World's Steepest Train Ride | Stoos Railway Switzerland - 4K UHD video,0.0380555555555555,sTbEX0xwtHw
https://www.youtube.com/watch?v=eRkcuyzkG5k,15:53,"ðŸ‡¨ðŸ‡­Switzerland from Above (around Rigi Mountain, Lucerne)- Part I/n | 4K UHD Video",0.2647222222222222,eRkcuyzkG5k
https://www.youtube.com/watch?v=VLxTWQ7vUsU,12:01,"ðŸ‡¨ðŸ‡­Glacier Express, Switzerland | Drone 4K Video",0.2002777777777777,VLxTWQ7vUsU
https://www.youtube.com/watch?v=Ro1hZIaNTsg,7:57,A Walk in NATURE - Andermatt Switzerland | 4k Video | Peaceful Piano Music,0.1325,Ro1hZIaNTsg
https://www.youtube.com/watch?v=PrA1IRiuVhU,7:01,"ðŸ‡¨ðŸ‡­Interlaken, Grindelwald Switzerland | Best Touristic Places | 4K Drone Video",0.1169444444444444,PrA1IRiuVhU
https://www.youtube.com/watch?v=gnp6SOqVLLA,13:41,Trump in 2004 To Grads - Go Over...Go Around' Concrete Wall,0.2280555555555555,gnp6SOqVLLA
https://www.youtube.com/watch?v=dld1BM0-kuU,5:54,MALTA Blue Lagoon Comino Island | Drone 4K Video,0.0983333333333333,dld1BM0-kuU
https://www.youtube.com/watch?v=JgKLlOttcf8,4:00,SÃ¼dtirol Heute | Basejumper Uli Emanuele im freien Fall,0.0666666666666666,JgKLlOttcf8
https://www.youtube.com/watch?v=8B01XC5gISA,2:05,Dotsero Landing,0.0347222222222222,8B01XC5gISA
https://www.youtube.com/watch?v=nZ2WijJTyKQ,5:14:43,Most Beautiful Places and Villages | A Must-Visit Travel Guide âœ¨| 4K Walking Tour,5.245277777777778,nZ2WijJTyKQ
https://www.youtube.com/watch?v=IuOna9nQZK8,51:18,Most beautiful Villages | Switzerland | 4K | Cow Parade in the breathtaking Lauterbrunnen Valley,0.855,IuOna9nQZK8
https://www.youtube.com/watch?v=Ff4CQqcME8U,1:27:07,THE MOST BEAUTIFUL VILLAGE IN SWITZERLAND | Snowy Wonderland in 4K ðŸ‡¨ðŸ‡­ | WALKING TRAVEL TOUR,1.4519444444444445,Ff4CQqcME8U
https://www.youtube.com/watch?v=88rq46VqKbw,1:51:22,A WINTER IN SWITZERLAND | THE MOST BEAUTIFUL PLACES TO VISIT | 4K WALKING TRAVEL TOUR,1.8561111111111115,88rq46VqKbw
https://www.youtube.com/watch?v=YtGF20r-2fA,1:38:29,The most beautiful and peaceful snow-covered charming alpine villages | Winter Wonderland in 4K ðŸ‡¨ðŸ‡­,1.6413888888888888,YtGF20r-2fA
https://www.youtube.com/watch?v=UvrAh6NWBh4,59:53,ðŸ”ï¸ðŸ‡¨ðŸ‡­Grindelwald to Lauterbrunnen: Switzerlandâ€™s Alpine Wonderland,0.9980555555555556,UvrAh6NWBh4
https://www.youtube.com/watch?v=NRYUVRQ0SWY,2:28:20,ðŸ‡¨ðŸ‡­Switzerland countryside  | 4K  Relaxing walk in the most beautiful places in Switzerland,2.4722222222222223,NRYUVRQ0SWY
https://www.youtube.com/watch?v=uf8LZiRyWHs,1:02:58,"A WINTER IN HEAVEN ON THE WORLD, 4K TRAVEL",1.0494444444444446,uf8LZiRyWHs
https://www.youtube.com/watch?v=9dIAlNtoqtk,1:02:58,"FOUND HEAVEN ON THE WORLD, 4K 60 FPS- WALK TOUR IN WINTER",1.0494444444444446,9dIAlNtoqtk
https://www.youtube.com/watch?v=LbqlkWXXjVU,59:53,ðŸš—ðŸ”ï¸ðŸ‡¨ðŸ‡­Scenic Drive from Grindelwald to Lauterbrunnen: Switzerlandâ€™s Alpine Wonderland,0.9980555555555556,LbqlkWXXjVU
https://www.youtube.com/watch?v=epFsKEV59X0,14:12,Untouched Beauty of Swiss Alps | Rosenlaui Valley in Switzerland ðŸ‡¨ðŸ‡­,0.2366666666666666,epFsKEV59X0
https://www.youtube.com/watch?v=caOoZYJYzoo,26:51,ðŸ‡¨ðŸ‡­ðŸ”ï¸WENGEN | Switzerlandâ€™s Car-Free Alpine Gem ðŸŒ²| 4K Walking Tour,0.4475,caOoZYJYzoo
https://www.youtube.com/watch?v=FPLH9ogjQ_M,18:27,ðŸ‡¨ðŸ‡­ðŸ”ï¸Isolated Swiss mountain villages | Wengen | Switzerlandâ€™s Scenic Alpine Escape âœ¨,0.3075,FPLH9ogjQ_M
https://www.youtube.com/watch?v=V9rDZ9gJHBs,35:00,HEAVEN ON THE WORLD | SWITZERLAND | 4K,0.5833333333333334,V9rDZ9gJHBs
https://www.youtube.com/watch?v=Dnc018j1ftQ,51:18,ðŸ‡¨ðŸ‡­Most beautiful Villages | A Paradise | LAUTERBRUNNEN village and valley | Switzerland | 4K,0.855,Dnc018j1ftQ
https://www.youtube.com/watch?v=iHITjlTht0I,1:45:33,"ðŸ‡¨ðŸ‡­Most beautiful places to visit in Switzerland,  INTERLAKEN, Relaxing walking tour, 4K",1.7591666666666668,iHITjlTht0I
https://www.youtube.com/watch?v=1_aVQUO50G0,21:45,"ðŸ‡¨ðŸ‡­Driving Through Lauterbrunnen, Interlaken to Brienz in Switzerland",0.3625,1_aVQUO50G0
https://www.youtube.com/watch?v=GStoLtKIlzk,47:00,"ðŸ‡¨ðŸ‡­Most Beautiful Villages; Valley of 72 Waterfalls, LAUTERBRUNNEN, SWITZERLAND, 4K",0.7833333333333333,GStoLtKIlzk
https://www.youtube.com/watch?v=KfxizfDVAq0,10:21,ðŸ‡¨ðŸ‡­Scenic Train Rides Through the Swiss Alps |  INTERLAKEN to LAUTERBRUNNEN | 4K,0.1725,KfxizfDVAq0
https://www.youtube.com/watch?v=RPOZ6_FImMs,2:28:45,"PARADISE ON THE WORLD, Switzerland countryside life, 4K 60 FPS- WALK TOUR",2.479166666666667,RPOZ6_FImMs
https://www.youtube.com/watch?v=zeKsHgfJfEU,1:08:06,"A Fairytale Village in the Swiss Alps ðŸ”ï¸âœ¨ Wengen, Switzerland ðŸ‡¨ðŸ‡­ | 4K Walking Tour",1.135,zeKsHgfJfEU
https://www.youtube.com/watch?v=-lXCn8B9SBw,1:03:07,ðŸ‡¨ðŸ‡­Most beautiful and famous  villages in SWITZERLAND |  4K WALK TOUR,1.0519444444444446,-lXCn8B9SBw
https://www.youtube.com/watch?v=tMBLTIMlccQ,1:19:49,"Most beautiful places to visit | Switzerland | Explore Top Destinations, 4K, Walking Tour",1.3302777777777777,tMBLTIMlccQ
https://www.youtube.com/watch?v=z2QKwgavK5M,2:43:11,"The most beautiful isolated Swiss villages, Switzerland countryside life, 4K 60 FPS- WALK TOUR",2.7197222222222224,z2QKwgavK5M
https://www.youtube.com/watch?v=fpctObxiQRU,49:45,"ðŸ‡¨ðŸ‡­ðŸŒ¸Explore INTERLAKEN: Stunning Nature and Adventure, best places to visit in Switzerland, 4K",0.8291666666666666,fpctObxiQRU
https://www.youtube.com/watch?v=62xnQdih4VQ,47:16,"ðŸ‡¨ðŸ‡­Discover Brienz, Switzerland: A Lakeside Gem in the Swiss Alps Relaxing walking tour, 4K",0.7877777777777778,62xnQdih4VQ
https://www.youtube.com/watch?v=bqHHLpRi9E4,15:42,"Discovering the Hidden Gem of Oberreid, Switzerland ðŸŒ„ðŸžï¸",0.2616666666666666,bqHHLpRi9E4
https://www.youtube.com/watch?v=Nomz1ix3o5E,1:03:07,ðŸ‡¨ðŸ‡­BEST AND TOP PLACES TO VISIT IN SWITZERLAND | A Journey Through Swiss Wonders | 4K WALK TOUR,1.0519444444444446,Nomz1ix3o5E
https://www.youtube.com/watch?v=DxYqlEpQSBY,1:45:33,"ðŸ‡¨ðŸ‡­ INTERLAKEN, Most beautiful places to visit in Switzerland, Relaxing walking tour, 4K",1.7591666666666668,DxYqlEpQSBY
https://www.youtube.com/watch?v=QcptW9MJUBE,13:19,"ðŸ‡¨ðŸ‡­Beautiful Swiss village that captured hearts in the hit Korean drama 'Crash Landing on You.', 4K",0.2219444444444444,QcptW9MJUBE
https://www.youtube.com/watch?v=FhWHNAd7J1s,8:25,"ðŸ‡³ðŸ‡± AMSTERDAM, Netherlands, Walking Tour, 4K",0.1402777777777777,FhWHNAd7J1s
https://www.youtube.com/watch?v=jiL7Mzf7Jm0,1:05:26,"ðŸ‡ªðŸ‡ºA SUMMER IN EUROPA: Discovering Europe's WONDERFUL CITIES, 4K, Walking Tour",1.0905555555555555,jiL7Mzf7Jm0
https://www.youtube.com/watch?v=miLqFUVfU7Q,1:19:51,å¤©ç©ºä¹‹åŸŽé©¾è½¦ä¹‹æ—…â€”é›¨ä¸­é©¶è¿‡ç†å¡˜è¿žç»µä¸ç»çš„ç¾Žä¸½é«˜åŽŸè‰ç”¸ï¼Œå›½é“318ï½œ4K HDRï½œå·è¥¿è‡ªé©¾ï½œå±±è·¯è¡Œè½¦ï½œç¬¬ä¸€äººç§°è§†è§’POV,1.330833333333333,miLqFUVfU7Q
https://www.youtube.com/watch?v=VgGC17G5WIw,1:14:38,å·è—å…¬è·¯é©¾è½¦ä¹‹æ—…-è‡³ä¸–ç•Œæœ€é«˜åŸŽç†å¡˜ï½œ4K HDRï½œå·è¥¿é£Žå…‰ï½œå±±è·¯è¡Œè½¦ï½œç¬¬ä¸€äººç§°è§†è§’,1.243888888888889,VgGC17G5WIw
https://www.youtube.com/watch?v=UfQPzOWSq_E,35:57,å·è¥¿æœ€ç¾Žä¹¡æ‘å…¬è·¯ï¼Œå›½é“318å·´å¡˜æ®µé£Žå…‰é©¾è½¦ï½œå·´å¡˜åŽ¿è‡³æ‹‰çº³å±±éš§é“ï½œ4K HDRï½œå·è¥¿è‡ªé©¾ï½œå±±è·¯è¡Œè½¦ï½œç¬¬ä¸€äººç§°è§†è§’é©¾è½¦,0.5991666666666667,UfQPzOWSq_E
https://www.youtube.com/watch?v=W2XkbBGck6k,1:49:39,è¥¿è—è·¨å¢ƒå››å·ï¼Œé©¾è½¦æ²¿é€”é£Žå…‰è¶…æ¸…å…¨è®°å½•ï½œæ˜Œéƒ½èŠ’åº·åŽ¿è‡³å››å·ç”˜å­œå·žå·´å¡˜åŽ¿ï½œ4K HDRï½œè‡ªé©¾é£Žå…‰ï½œè¥¿è—è¡Œè½¦ï½œå±±è·¯é©¾è½¦ï½œç¬¬ä¸€äººç§°è§†è§’é©¾è½¦POV,1.8275,W2XkbBGck6k
https://www.youtube.com/watch?v=dKEq1rPuTrI,56:36,æ‹‰ä¹Œå±±é£Žå…‰é©¾è½¦ - è¢«èª‰ä¸ºè¥¿è—çš„å°ç‘žå£« ï½œæ˜Œéƒ½èŠ’åº·åŽ¿ -  4K HDRè¶…æ¸…å…¨è®°å½•ï½œè‡ªé©¾é£Žå…‰ï½œè¥¿è—è¡Œè½¦ï½œå±±è·¯é©¾è½¦ï½œç¬¬ä¸€äººç§°è§†è§’é©¾è½¦POV,0.9433333333333334,dKEq1rPuTrI
https://www.youtube.com/watch?v=WPTcXpf21Wc,48:10,è¥¿è—è§‰å·´å±±ï¼Œå›½é“318æœ€éš¾çˆ¬ã€æœ€è´¹æ—¶çš„å±±è·¯ - 4K HDR é©¾è½¦è¶…æ¸…å…¨è®°å½•ï½œè‡ªé©¾é£Žå…‰ï½œè¥¿è—è¡Œè½¦ï½œå±±è·¯é©¾é©¶ï½œç¬¬ä¸€äººç§°è§†è§’é©¾è½¦POV,0.8027777777777778,WPTcXpf21Wc
https://www.youtube.com/watch?v=W7vqoRLbWtE,1:18:17,ä¸œè¾¾å±±ï¼Œå›½é“318å·è—å…¬è·¯å—æ®µæœ€é«˜ç‚¹ - 4K HDR é©¾è½¦è¶…æ¸…å…¨è®°å½•ï½œè‡ªé©¾é£Žå…‰ï½œè¥¿è—è¡Œè½¦ï½œå±±è·¯ï½œç¬¬ä¸€äººç§°è§†è§’é©¾è½¦POV,1.3047222222222223,W7vqoRLbWtE
https://www.youtube.com/watch?v=5TDBsfPuygw,1:50:09,æ€’æ±Ÿ72æ‹ï¼Œ318å·è—çº¿æœ€åˆºæ¿€åŽ‹è¿«çš„è·¯æ®µ -  4K HDRè¶…æ¸…å…¨è®°å½•ï½œè‡ªé©¾é£Žå…‰ï½œè¥¿è—è¡Œè½¦ï½œå±±è·¯é©¾è½¦ï½œç¬¬ä¸€äººç§°è§†è§’é©¾è½¦POV,1.8358333333333328,5TDBsfPuygw
https://www.youtube.com/watch?v=tZkJMDBsnQk,1:28:53,ç„¶ä¹Œè‡³å…«å®¿ï¼Œå›½é“318å·è—çº¿ 4K HDRè¶…æ¸…å…¨è®°å½•ï½œè‡ªé©¾é£Žå…‰ï½œè¥¿è—è¡Œè½¦ï½œå±±è·¯é©¾è½¦ï½œç¬¬ä¸€äººç§°è§†è§’é©¾è½¦POV,1.481388888888889,tZkJMDBsnQk
https://www.youtube.com/watch?v=4H2CqaYdeGE,1:45:45,æž—èŠæ³¢å¯†è‡³æ˜Œéƒ½å…«å®¿ç„¶ä¹Œæ¹–ï¼Œå·è—çº¿318æœ€ç¾Žçš„è·¯æ®µä¹‹ä¸€ 4K HDRè¶…æ¸…å…¨è®°å½•ï½œè‡ªé©¾é£Žå…‰ï½œè¥¿è—è¡Œè½¦ï½œå±±è·¯é©¾è½¦ï½œç¬¬ä¸€äººç§°è§†è§’é©¾è½¦POV,1.7625,4H2CqaYdeGE
https://www.youtube.com/watch?v=zPaLEiQnTQ4,33:50,æˆéƒ½äºŒçŽ¯é«˜æž¶è·¯ä¸Šä»¤äººç€è¿·çš„å¤œé—´é©¾é©¶ä½“éªŒ - 4K HDR,0.5638888888888889,zPaLEiQnTQ4
https://www.youtube.com/watch?v=-zPw2IYX5Dk,1:55:36,é›¨ä¸­é©¾è½¦é¥±è§ˆè¥¿è—é£Žå…‰ï¼Œ318å›½é“æž—èŠæœ€ç¾Žè·¯æ®µ - è‰²å­£æ‹‰å±±å£è‡³é€šéº¦é•‡,1.9266666666666663,-zPw2IYX5Dk
https://www.youtube.com/watch?v=YZpFzU9KjF4,42:18,å±±è·¯é©¾è½¦-è¥¿è—318å›½é“æœ€ç¾Žæž—èŠæ®µï¼Œæž—èŠé•‡è‡³è‰²å­£æ‹‰å±±å£è¶…æ¸…é£Žå…‰è¡Œè½¦è§†é¢‘,0.705,YZpFzU9KjF4
https://www.youtube.com/watch?v=DAu9uzJeV_Y,52:27,é©¾è½¦æŽ¢ç´¢æž—èŠå¸‚ï¼šè¥¿è—çš„â€œæ±Ÿå—â€ä¸Žâ€œå¤ªé˜³å®åº§â€ï¼Œæ²¿å›½é“318é©¾é©¶è‡³æž—èŠé•‡,0.8741666666666666,DAu9uzJeV_Y
https://www.youtube.com/watch?v=VehPIU9iId0,2:14:55,è¥¿è—å±±åŒºé«˜é€Ÿå…¬è·¯-G4218æž—æ‹‰å…¬è·¯ï¼ˆæ‹‰è¨-æž—èŠï¼‰æž—èŠæ®µè¡Œè½¦é£Žå…‰è®°å½•,2.248611111111112,VehPIU9iId0
https://www.youtube.com/watch?v=N3Fs5kTjVB4,49:17,æ—¥å–€åˆ™è‡³æ‹‰è¨ Part.2ï½œé›…å¶é«˜é€Ÿè¥¿è—æ®µ4Kè¶…æ¸…è¡Œè½¦è®°å½•,0.8213888888888888,N3Fs5kTjVB4
https://www.youtube.com/watch?v=huYA-w8-Hzg,2:19:01,æ—¥å–€åˆ™è‡³æ‹‰è¨ Part.1ï½œå›½é“318è¥¿è—4Kè¶…æ¸…è¡Œè½¦å…¨è®°å½•,2.3169444444444443,huYA-w8-Hzg
https://www.youtube.com/watch?v=Z_p5fIXposE,1:40:31,è¥¿è—æœ€æ¼‚äº®çš„å›½é“318æ—¥å–€åˆ™æ®µé£Žå…‰é©¾è½¦ä¹‹æ—… - æ‹‰å­œåŽ¿è‡³æ—¥å–€åˆ™å¸‚åŒºï½œ4K HDR æœæ¯”è§†ç•Œ,1.6752777777777776,Z_p5fIXposE
https://www.youtube.com/watch?v=7n27Pnz7vF0,1:35:02,ä¸­å›½æœ€å‡ºåçš„ä¸¤æ¡å›½é“ç›¸äº¤äºŽæ­¤ï¼Œæ–°è—å…¬è·¯G219ä¸Žå·è—å…¬è·¯G318ä¸­å°¼å…¬è·¯æ®µé©¾è½¦ä¹‹æ—…ï¼Œè·¨è¿‡ç å³°é—¨æˆ·å˜‰æŽªæ‹‰å±±åž­å£è‡³è¨è¿¦ï½œ4Kè¶…æ¸…è®°å½•,1.5838888888888891,7n27Pnz7vF0
https://www.youtube.com/watch?v=-Ecnp7JXtUY,2:00:00,é©¾é©¶åœ¨ä¸–ç•Œæœ€é«˜çš„å±±è„‰ - å–œé©¬æ‹‰é›…å±±è„‰ï¼Œæ²¿è¥¿è—ä¸­å›½å°¼æ³Šå°”è¾¹å¢ƒå…¬è·¯219å›½é“è‡³ç ç©†æœ—çŽ›å³°å›½å®¶å…¬å›­,2.0,-Ecnp7JXtUY
https://www.youtube.com/watch?v=QZQGuN-nPyY,1:25:04,å–œé©¬æ‹‰é›…å±±è„‰é©¾è½¦ä¹‹æ—…ï¼Œæ²¿ä¸­å›½-å°¼æ³Šå°”è¾¹å¢ƒçº¿æ–°ç–†è‡³è¥¿è—æ–¹å‘å‰è¿›ç ç©†æœ—çŽ›å³°-219å›½é“4Kè¶…æ¸…è®°å½•,1.4177777777777778,QZQGuN-nPyY
https://www.youtube.com/watch?v=J2VJ9vtyce0,1:38:49,å–œé©¬æ‹‰é›…å±±è„‰é©¾è½¦ä¹‹æ—…ï¼Œæ²¿ä¸­å›½-å°¼æ³Šå°”è¾¹å¢ƒçº¿è¥¿è—219å›½é“4Kè¶…æ¸…è®°å½•ï¼Œä»²å·´åŽ¿çŽ›æ°¸æ‘è‡³è¨å˜ŽåŽ¿,1.6469444444444443,J2VJ9vtyce0
https://www.youtube.com/watch?v=Gek7y0cqxxQ,1:05:28,å–œé©¬æ‹‰é›…å±±è„‰é©¾è½¦ä¹‹æ—…ï¼Œæ²¿ä¸­å›½-å°¼æ³Šå°”è¾¹å¢ƒçº¿è¥¿è—219å›½é“4Kè¶…æ¸…è®°å½•ï¼Œä»²å·´åŽ¿å¸•ç¾Šé•‡è‡³çŽ›æ°¸æ‘,1.0911111111111111,Gek7y0cqxxQ
https://www.youtube.com/watch?v=tP-VxM1-PBA,1:19:58,æ˜†ä»‘å±±è„‰é©¾è½¦æ”€è¶Šï¼Œæ²¿ä¸­å›½-å·´åŸºæ–¯å¦è¾¹å¢ƒçº¿è¥¿è—è‡³æ–°ç–†æ–¹å‘è·¨è¿‡åº“åœ°è¾¾å‚-219å›½é“4Kè¶…æ¸…è®°å½•,1.3327777777777778,tP-VxM1-PBA
https://www.youtube.com/watch?v=3kyvlGl6HSo,1:13:05,æ˜†ä»‘å±±è„‰é©¾è½¦æ”€è¶Šï¼ˆæ–°ç–†è‡³è¥¿è—æ–¹å‘ï¼‰ï¼Œæ²¿ä¸­å›½-å·´åŸºæ–¯å¦è¾¹å¢ƒçº¿è·¨è¿‡åº“åœ°è¾¾å‚-219å›½é“4Kè¶…æ¸…è®°å½•,1.2180555555555557,3kyvlGl6HSo
https://www.youtube.com/watch?v=-hiHlf_OqlQ,1:25:31,é€è¿‡é©¾é©¶è§†è§’çœ‹æ–°ç–†ï½œå–€ä»€åœ°åŒºï¼Œå¶åŸŽåŽ¿219å›½é“é›¶å…¬é‡Œè‡³é˜¿å…‹ç¾Žå…¶ç‰¹æœåŠ¡åŒºï½œ4K HDR,1.425277777777778,-hiHlf_OqlQ
https://www.youtube.com/watch?v=-Whld7NT2Wg,1:50:20,æ–°ç–†é©¾è½¦ä¹‹æ—…-å–€ä»€å¸‚è‡³å¤©è·¯é›¶å…¬é‡Œï¼Œæ˜†ä»‘ç¬¬ä¸€åŸŽ-å¶åŸŽï½œ4K HDR,1.838888888888889,-Whld7NT2Wg
https://www.youtube.com/watch?v=P8NTUvblP4c,1:13:35,è¥¿è—é˜¿é‡Œåœ°åŒºé£Žå…‰é©¾è½¦ä¹‹æ—…-ç­å…¬æ¹–ç»æ—¥åœŸåŽ¿è‡³å™¶å°”åŽ¿ç‹®æ³‰æ²³ï½œ4K HDR,1.226388888888889,P8NTUvblP4c
https://www.youtube.com/watch?v=Nh8PgLzWjoE,41:17,219å›½é“è¥¿è—é˜¿é‡Œé©¾è½¦ä¹‹æ—…-æ—¥åœŸåŽ¿è‡³ç­å…¬æ¹– 4K HDR,0.6880555555555555,Nh8PgLzWjoE
https://www.youtube.com/watch?v=55G7HgVfvu4,1:02:08,è¥¿è—é˜¿é‡Œ219å›½é“ï¼Œé©¾è½¦æ²¿ä¸–ç•Œå±‹è„Šä½“éªŒâ€œç”Ÿå‘½ç¦åŒºâ€çš„ç‹‚é‡Žä¸Žå£®é˜”â€”æ–°è—çº¿æœ€é«˜æ®µè‡³æ—¥åœŸåŽ¿,1.0355555555555556,55G7HgVfvu4
https://www.youtube.com/watch?v=dpFMEqT1jaM,1:22:12,ç»ˆæŠµæ–°è—çº¿æœ€é«˜ç‚¹-æ¾è¥¿è¾¾å‚ï¼Œæ–°è—çº¿219å›½é“é©¾è½¦å…¨è®°å½•,1.37,dpFMEqT1jaM
https://www.youtube.com/watch?v=f189qJYOR70,1:14:49,æ–°ç–†è‡³è¥¿è—é©¾è½¦å…¨è®°å½• - å¶åŸŽè‡³åº“åœ°ï¼Œ219å›½é“æ–°è—çº¿ï½œä¸–ç•Œæœ€é«˜å…¬è·¯ï½œ4K HDR,1.2469444444444444,f189qJYOR70
https://www.youtube.com/watch?v=5CWs94Dnngk,1:50:24,219å›½é“æ–°è—çº¿-ä¸–ç•Œæœ€é«˜æœ€é™©å…¬è·¯-éº»æ‰Žè‡³ä¸‰åé‡Œè¥æˆ¿ï¼Œé©¾è½¦å…¨è®°å½•ï½œ4K HDR æœæ¯”è§†ç•Œ,1.84,5CWs94Dnngk
https://www.youtube.com/watch?v=lPKzgeaiCjA,1:33:18,219å›½é“æ–°è—çº¿-ä¸–ç•Œæœ€é«˜æœ€é™©å…¬è·¯-åº“åœ°è‡³ä¸‰åé‡Œè¥æˆ¿ï¼Œæ–°ç–†è‡³è¥¿è—é©¾è½¦å…¨è®°å½•ï½œ4K HDR,1.555,lPKzgeaiCjA
https://www.youtube.com/watch?v=F2cJ6y7snQo,1:12:20,èµ°è¿›æ–°ç–†å–€ä»€å¤åŸŽï¼Œæ„Ÿå—è¥¿åŸŸåƒå¹´æ–‡åŒ–é­…åŠ›ï½œ4K HDR,1.2055555555555555,F2cJ6y7snQo
https://www.youtube.com/watch?v=SyIsqt2liIs,1:32:27,å³¨çœ‰å±±å¾’æ­¥ç™»é¡¶å…¨è®°å½•ï¼Œå¤ªå­åªè‡³é‡‘é¡¶ï½œ4Kè¶…æ¸…é«˜ç”»è´¨ï¼Œäº‘æ¸¸å³¨çœ‰å±±,1.5408333333333333,SyIsqt2liIs
https://www.youtube.com/watch?v=Jute_kQsN-0,1:30:50,å³¨çœ‰å±±å¾’æ­¥å…¨è®°å½•ï¼Œé›·æ´žåªè‡³å¤ªå­åªï½œ4Kè¶…æ¸…é«˜ç”»è´¨ç¬¬ä¸€äººç§°è§†è§’ç™»å±±,1.5138888888888888,Jute_kQsN-0
https://www.youtube.com/watch?v=gAdOwbBDzU0,1:04:29,äº‘æ¸¸æˆéƒ½æ­¦ä¾¯ç¥ ï¼Œ2023æ˜¥èŠ‚ | ç–«æƒ…åŽé¦–æ¬¡æ¯”è‚©2020å¹´ä¹‹å‰çš„äººæ½®,1.074722222222222,gAdOwbBDzU0
https://www.youtube.com/watch?v=0EeaMnPPyrc,30:13,æˆéƒ½é”¦é‡Œï¼Œ2023æ˜¥èŠ‚åº™ä¼šæ—¥é—´æ­¥è¡Œï½œ4Kè¶…æ¸…äº‘æ¸¸å…¨è®°å½•,0.5036111111111111,0EeaMnPPyrc
https://www.youtube.com/watch?v=EMrvdc6JlUU,1:05:18,2023æ˜¥èŠ‚ï¼Œ4Kè¶…æ¸…äº‘æ¸¸å…¨è®°å½• â€” æ­¦ä¾¯ç¥ æˆéƒ½å¤§åº™ä¼šä¹‹é”¦é‡Œå¤è¡—,1.0883333333333332,EMrvdc6JlUU
https://www.youtube.com/watch?v=wNJnv5Yaou0,1:56:41,è‡ªè´¡ä¸­åŽå½©ç¯å¤§ä¸–ç•Œï¼Œæžè‡´çš„ä¸–ç•Œç¬¬ä¸€ç­‰ç¯ç¯ç¯ç¯ä¼šï½œ2023æ˜¥èŠ‚å…¨è®°å½•ï½œäº‘æ¸¸ä¸­å›½ï¼Œå››å·è‡ªè´¡,1.9447222222222225,wNJnv5Yaou0
https://www.youtube.com/watch?v=8CEVwh5yZ0w,15:56,æ¾å·žå¤åŸŽæ¼«æ­¥æ¸¸ï½œé˜¿åæ¾æ½˜åŽ¿ï¼Œ4Kè¶…æ¸…ç¬¬ä¸€äººç§°è§†è§’è¡—æ™¯æ¸¸è§ˆ,0.2655555555555555,8CEVwh5yZ0w
https://www.youtube.com/watch?v=djG-YNKe_do,33:38,æ¡ƒåªç¾Œå¯¨æ¸¸è§ˆå…¨è®°å½•ï½œ4Kè¶…æ¸…ç¬¬ä¸€äººç§°è§†è§’äº‘æ¸¸ï¼Œå››å·é˜¿åç†åŽ¿,0.5605555555555556,djG-YNKe_do
https://www.youtube.com/watch?v=4dGSmOn1qDQ,23:25,é˜¿åç‰Ÿå°¼æ²Ÿé£Žå…‰æ¸¸è§ˆï½œ4Kè¶…æ¸…ç¬¬ä¸€äººç§°è§†è§’æ™¯åŒºæ¼«æ­¥ï¼Œäº‘æ¸¸é˜¿åæ¾æ½˜ç‰Ÿå°¼æ²Ÿ,0.3902777777777778,4dGSmOn1qDQ
https://www.youtube.com/watch?v=9npEYNkYWd4,12:38,ç¢§æ³¢è¡æ¼¾å¥³ç¥žæ¹¾ï¼Œæ³¸æ²½æ¹–çŒªæ§½èˆ¹ä¹˜èˆ¹æ¸¸æ¹–ï½œ4Kè¶…æ¸…æœæ¯”è§†ç•ŒPOVè§†è§’,0.2105555555555555,9npEYNkYWd4
https://www.youtube.com/watch?v=-yhCkvWcZeQ,1:38:48,æ¯•æ£šæ²Ÿåˆå†¬æ­¥é“å…¨è®°å½•ï½œ4Kè¶…æ¸…ç¬¬ä¸€äººç§°è§†è§’æ²‰æµ¸å¼å¾’æ­¥ï¼Œäº‘æ¸¸å·è¥¿,1.6466666666666667,-yhCkvWcZeQ
https://www.youtube.com/watch?v=2hCssKLWRME,2:34:30,é’åŸŽåŽå±±æ¸¸è§ˆå…¨è®°å½•ï½œ4Kè¶…æ¸…ç¬¬ä¸€äººç§°è§†è§’æ²‰æµ¸å¼å¾’æ­¥ï¼Œäº‘æ¸¸å››å·,2.575,2hCssKLWRME
https://www.youtube.com/watch?v=3KXYXU-mhrQ,13:12,æ ‘æ ‘çš†ç§‹è‰²ï¼Œå±±å±±å”¯è½æ™– - é’åŸŽåŽå±±ç™½äº‘ç´¢é“ç¬¬ä¸€äººç§°è§†è§’æ¸¸è§ˆï¼Œ4Kè¶…æ¸…å…¨è®°å½•ï½œäº‘æ¸¸ä¸­å›½ï¼Œå››å·é’åŸŽå±±,0.22,3KXYXU-mhrQ
https://www.youtube.com/watch?v=F5Kmk4BLkyI,1:32:49,æ”¾é¬†çš„æ¼«æ­¥åœ¨æ·±ç§‹é›¨ä¸­çš„æ²»ç™’ç³»æ£®æž—ï¼Œèµ°é€²äº†å®®å´Žé§¿æ¼«ç•«è£¡çš„ä¸–ç•Œ â€” å››å·é›…å®‰é¾è’¼æºåœ‹å®¶æ£®æž—å…¬åœ’,1.5469444444444442,F5Kmk4BLkyI
https://www.youtube.com/watch?v=JV48zMUWC6A,1:39:01,å¼ å®¶ç•Œæ­¦é™µæºæ¸¸è§ˆå…¨è®°å½•ï½œ4Kè¶…æ¸…ç¬¬ä¸€äººç§°æ²‰æµ¸å¼å¾’æ­¥ï¼Œäº‘æ¸¸æ¹–å—,1.6502777777777775,JV48zMUWC6A
https://www.youtube.com/watch?v=Qyv-Fg9Mo_U,32:07,å¤©é–€å±±ç´¢é“å…¨ç¨‹4Kè¶…æ¸…é‡ç¾ï¼Œæ²ˆæµ¸å¼éŠè¦½ï½œé›²éŠä¸­åœ‹ï¼Œæ¹–å—å¼µå®¶ç•Œ,0.5352777777777777,Qyv-Fg9Mo_U
https://www.youtube.com/watch?v=ZTjGsdwQ3DA,31:41,å¼µå®¶ç•Œä¹‹å¤©é–€å±±åœ‹å®¶æ£®æž—å…¬åœ’ï¼Œ4Kè¶…æ¸…æ²ˆæµ¸éŠè¦½ï½œé›²éŠä¸­åœ‹ï¼Œæ¹–å—,0.5280555555555556,ZTjGsdwQ3DA
https://www.youtube.com/watch?v=ZpjGatW63M4,21:03,4Kè¶…æ¸…æ²ˆæµ¸å¼éŠè¦½ - çŸ®å¯¨å¥‡è§€ä¹‹æ‡¸å´–çŽ»ç’ƒæ£§é“ï½œé›²éŠä¸­åœ‹ï¼Œæ¹–å—æ¹˜è¥¿,0.3508333333333333,ZpjGatW63M4
https://www.youtube.com/watch?v=j2DzFRkaoeg,16:27,è¶…æ¸…4Kæ²ˆæµ¸é¢¨å…‰å¾’æ­¥ï¼Œé›¨å¾Œèµ¤æ°´ä¸¹éœž â€” è²´å·žèµ¤æ°´å¤§ç€‘å¸ƒ,0.2741666666666666,j2DzFRkaoeg
https://www.youtube.com/watch?v=cNYkn8FZvh0,54:33,å°æ©‹æµæ°´æŸ³æžæšï¼Œæ°´é„‰éº—åŸŽå¾å“‰éŠï½œéº—æ±Ÿå¤œæ™¯ 2022ï¼Œå¤ï½œè¡ŒéŠä¸­åœ‹ with Yee,0.9091666666666668,cNYkn8FZvh0
https://www.youtube.com/watch?v=c_ru9WyET6g,1:46:21,å°æ©‹æµæ°´æŸ³æžæšï¼Œæ°´é„‰éº—åŸŽå¾å“‰éŠï½œéº—æ±Ÿå¤åŸŽ 2022ï¼Œå¤ï½œè¡ŒéŠä¸­åœ‹ with Yee,1.7725,c_ru9WyET6g
https://www.youtube.com/watch?v=10i8uldtlHg,33:26,å—è©”åŸŽæ¨“æ°£è±¡æ£®ï¼Œä¹è¡—åå…«å··ç¸±æ©« - é›²å—ã€Œå¤§ç†å¤åŸŽã€ï½œ4Kè¶…æ¸…ç¬¬ä¸€äººç¨±è¦–è§’æ²ˆæµ¸å¼æ¼«æ­¥,0.5572222222222223,10i8uldtlHg
https://www.youtube.com/watch?v=zlzwjuPO48Y,38:08,å¤§ç†é¢¨å…‰åœ¨è’¼æ´±ï¼Œè’¼æ´±é¢¨å…‰åœ¨é›™å»Š â€” é›²å—ã€Œé›™å»Šå¤éŽ®ã€,0.6355555555555555,zlzwjuPO48Y
https://www.youtube.com/watch?v=EvIqqqA2Ajg,1:18:58,ç™½æ°´ç‹‚å™´èˆ–é›ªå£ï¼ŒéŠ€ç äº‚è·³èˆžè™›ç©º â€” è²´å·žé»ƒæžœæ¨¹å¤©æ˜Ÿæ©‹ | ç¬¬ä¸€äººç¨±è¦–è§’éŠè¦½å…¨è¨˜éŒ„,1.3161111111111112,EvIqqqA2Ajg
https://www.youtube.com/watch?v=HNa5PIAZfd0,37:26,é™¡æ½‘ä¸éšªå¸ƒè”“å¼µï¼Œå¡æ°´å……æ¿€äº¦ç€‘æš â€” è²´å·žé»ƒæžœæ¨¹é™¡å¡å¡˜ç€‘å¸ƒ | ç¬¬ä¸€äººç¨±è¦–è§’éŠè¦½å…¨è¨˜éŒ„,0.6238888888888889,HNa5PIAZfd0
https://www.youtube.com/watch?v=4kVi0r9-rZw,47:38,ç™½æ°´æµ©è•©ç¾¤å±±ä¸­ï¼Œé©Ÿæ­¢æ–·å´–è·Œä¹é‡ â€” è²´å·žé»ƒæžœæ¨¹å¤§ç€‘å¸ƒ | ç¬¬ä¸€äººç¨±è¦–è§’éŠè¦½å…¨è¨˜éŒ„,0.7938888888888889,4kVi0r9-rZw
https://www.youtube.com/watch?v=Y0gA_X0gDys,1:44:40,æ¢µå¤©æ·¨åœŸï¼Œæ³°å±±ä¹‹é›„èˆ‡è¯å±±ä¹‹éšªåŒèšæ–¼æ­¤è™• â€” è²´å·žæ¢µæ·¨å±±ç¬¬ä¸€äººç¨±è¦–è§’éŠè¦½å…¨è¨˜éŒ„,1.7444444444444445,Y0gA_X0gDys
https://www.youtube.com/watch?v=P82YzU7wMh0,18:23,è·¯éŽè²´å·žéŽ®é å¤åŸŽï¼Œé«”é©—å…¥ç•«å¤éŽ®æ©‹é ­ï¼Œè§€èˆžé™½æ²³ç•”é›€é–‹å± | è¡ŒéŠä¸­åœ‹ 4K HDR Walking Tour,0.3063888888888889,P82YzU7wMh0
https://www.youtube.com/watch?v=0Cx2w1nLu-M,33:18,åªè­˜å››è§’é¬¥æ–¹å¤©ï¼Œä¸çŸ¥ç”°é‡Žå·²æ˜¯ç™¾èŠ±é£›æ•£ â€” æˆéƒ½ç©ºæ¸¯èŠ±ç”° | è¡ŒéŠä¸­åœ‹ 4K Walking Tour,0.555,0Cx2w1nLu-M
https://www.youtube.com/watch?v=sCHKTjEX9NU,45:25,æ¼«æ­¥èŠ™è“‰éŽ®ï¼Œé›²éŠæŽ›åœ¨ç€‘å¸ƒä¸Šçš„åƒå¹´å¤éŽ® - 4K Walking Tour | ä¸­åœ‹æ¹–å—çœæ¹˜è¥¿å·ž,0.7569444444444444,sCHKTjEX9NU
https://www.youtube.com/watch?v=jz2CEZxwWe0,31:32,2022 èŠ™è“‰éŽ®å¤œæ™¯ - é›²éŠä¸­åœ‹ 4K Walking Tour | æ¹–å—çœï¼Œæ¹˜è¥¿åœŸå®¶æ—è‹—æ—è‡ªæ²»å·ž,0.5255555555555556,jz2CEZxwWe0
https://www.youtube.com/watch?v=XmNubL1iyBI,47:41,2022 ä¸­åœ‹ç–«æƒ…ç•¶ä¸‹æ™¯å€ç¾ç‹€ï¼Œæ¹–å—æ¹˜è¥¿é³³å‡°å¤éŽ® - è¡ŒéŠä¸­åœ‹ 4K Walking Tour,0.7947222222222222,XmNubL1iyBI
https://www.youtube.com/watch?v=pGr8cbz8eaA,17:55,2022 ä¸­åœ‹ç–«æƒ…ç•¶ä¸‹æ™¯å€ç¾ç‹€ï¼ŒçŸ®å¯¨å¤§æ©‹ Â· æ¹–å—æ¹˜è¥¿çŸ®å¯¨å¥‡è§€ - è¡ŒéŠä¸­åœ‹ 4K Walking Tour,0.2986111111111111,pGr8cbz8eaA
https://www.youtube.com/watch?v=uEOjvvp_0qE,23:53,2022 ä¸­åœ‹ç–«æƒ…ç•¶ä¸‹æ™¯å€ç¾ç‹€ï¼Œè²´å·žæ˜Žæ¸…å¤éŽ®æŽ¢ç´¢ Â· ä¸™å®‰å¤éŽ® - è¡ŒéŠä¸­åœ‹ 4K Walking Tour,0.3980555555555556,uEOjvvp_0qE
https://www.youtube.com/watch?v=VKlIREiLEPU,1:36:50,Walk China Beautiful Bamboo Forest Wonderland - China Travel | Sichuan,1.613888888888889,VKlIREiLEPU
https://www.youtube.com/watch?v=3wCCweTybRk,41:26,Walk China 4K - Chengdu Street Night Walking Around Broad and Narrow Alley,0.6905555555555556,3wCCweTybRk
https://www.youtube.com/watch?v=fa29XlbXW5c,20:01,"4K China ancient street walking tour - Xijie Historic District, Dujiangyan, Chengdu",0.3336111111111111,fa29XlbXW5c
https://www.youtube.com/watch?v=igJ6oXi3wcw,19:15,ä¸­åœ‹é“è§€ã®éŠè¦½â€”éƒ½æ±Ÿå °äºŒçŽ‹å»Ÿ 4K,0.3208333333333333,igJ6oXi3wcw
https://www.youtube.com/watch?v=dEU2JPB1Qww,29:34,å¤ªå¤é‡Œæˆéƒ½ï½œå¤æ—¥ã®å¤œé—´æ¼«æ­¥ï½œChina Walking Tour,0.4927777777777777,dEU2JPB1Qww
https://www.youtube.com/watch?v=bJcuifEu0Ro,27:45,Walk China 4K - Chengdu Chunxi Road Commercial Streets night walking tour,0.4625,bJcuifEu0Ro
https://www.youtube.com/watch?v=003LvjB70cM,45:46,China National Day Crowd Walk | 2021 - Chengdu Lights Show on Jiaozi Avenue,0.7627777777777778,003LvjB70cM
https://www.youtube.com/watch?v=74dWwev0x_I,47:01,Walking China Ancient Town of Pingle at Night | Moon Festival 2021,0.7836111111111111,74dWwev0x_I
https://www.youtube.com/watch?v=zno89iwKt5M,10:05,"4K Street Walking in Chengdu, China - Taikoo Li to Chunxi Road",0.1680555555555555,zno89iwKt5M
https://www.youtube.com/watch?v=p3aAF1_2H14,3:23,Special Event in Mid-Autumn Festival 2021 | Traditional Chinese Dance in Pingle Ancient Town,0.0563888888888888,p3aAF1_2H14
https://www.youtube.com/watch?v=8nCz4iAFMKY,21:49,Walk China 4K - Chengdu Jiuyan Bridge Bar Street Walking Tour at Night,0.3636111111111111,8nCz4iAFMKY
https://www.youtube.com/watch?v=Kha1bdP1FgQ,41:16,Dujiangyan Scenic Area Walking Tour in 4K | ä¸­åœ‹Â·éƒ½æ±Ÿå °é¢¨æ™¯å€,0.6877777777777778,Kha1bdP1FgQ
https://www.youtube.com/watch?v=Lugj657Rd2g,17:54,Lan Kwai Fong Chengdu 4K - China Street Walking Tour at Night | è˜­æ¡‚åŠæˆéƒ½,0.2983333333333333,Lugj657Rd2g
https://www.youtube.com/watch?v=F6S3AgONYAo,16:42,"4K Night Walking Tour in Chengdu, China - Anshun Lounge Bridge å®‰é †å»Šæ©‹",0.2783333333333333,F6S3AgONYAo
https://www.youtube.com/watch?v=ZGZqzzgOSn4,16:59,Walk China 4K - Walking Around Riverside Street in Chengdu at Night,0.2830555555555555,ZGZqzzgOSn4
https://www.youtube.com/watch?v=uGPr2XfAvd8,2:15,é…’è‚†äººé—´ä¸–ï¼Œç´å°æ—¥æš®äº‘ - å¤æœ‰ç›¸å¦‚æ’«ç´ç‚ºæ–‡å›ï¼Œä»Šèžæ­Œå§¬èµ·èˆžç‚ºç››ä¸– - å¤œè¨ªæˆéƒ½ç´å°æ•…é‡Œèˆ‡ç™¾èŠ±æ½­å…¬åœ’,0.0375,uGPr2XfAvd8
https://www.youtube.com/watch?v=dmqf7w7vDaA,1:03:22,ä¸€åº«å·å³™ç…¥æ–‡ç« ï¼Œä¸‰æ±ŸåŒ¯æµæ½¤ä¿Šå‚‘ - æ¼«æ­¥æˆéƒ½å´‡å·žå…ƒé€šå¤éŽ®ï¼Œæ„Ÿå—ç››å¤èœ€å·ž,1.0561111111111112,dmqf7w7vDaA
https://www.youtube.com/watch?v=vxF4K7vekHk,1:25:16,æœ¨çŸ³æ°‘å±…å¤èœ€é¢¨ï¼Œæºªæµæ½ºæ½ºéš±é»ƒé¾ - 2100å¹´æ­·å²çš„æˆéƒ½é»ƒé¾æºªå¤éŽ®ä»Šæˆä¸­åœ‹ç¶²ç´…æ°´ä¸Šæ¨‚åœ’,1.4211111111111112,vxF4K7vekHk
https://www.youtube.com/watch?v=hOFZL7Sn05s,26:37,"å®‰ä»å¤éŽ®å§‹åˆå”, åŠ‰æ°æ—é–€ä¸–ä»£æš - æ•£æ­¥æˆéƒ½æ°‘åœ‹æ°£è³ªå®‰ä»å¤éŽ®",0.4436111111111111,hOFZL7Sn05s
https://www.youtube.com/watch?v=ffVfjd2rpnA,34:50,ä»Šæˆ‘å½’è‰å ‚ æˆéƒ½é€‚æ— è™ž - æœç”«è‰å ‚ã®å¤ Du Fu Thatched Cottage Walking Tour 4K,0.5805555555555555,ffVfjd2rpnA
https://www.youtube.com/watch?v=7wUrTkRQgCw,20:43,å®½çª„å··å­æ¼«æ­¥ - æˆéƒ½ 2021å¹´å¤ ç«¯åˆèŠ‚,0.3452777777777777,7wUrTkRQgCw
https://www.youtube.com/watch?v=1H-fV-wX34g,38:04,China 4K Street Walking - Chengdu Jinli Ancient Streets Tour,0.6344444444444444,1H-fV-wX34g
https://www.youtube.com/watch?v=Ap9e50aTSSI,17:46,4K HDR | Forest Sunset Walking in a cypress forest | Relaxation walk demo video | Forest Sunset,0.2961111111111111,Ap9e50aTSSI
https://www.youtube.com/watch?v=vh89E0_wCVI,10:22,"Jianmen Guan Steep Climb - Walking on Jianmen Passã€ŒJianmen County, Chinaã€EP3/3",0.1727777777777777,vh89E0_wCVI
https://www.youtube.com/watch?v=XqurmLqYjM4,15:47,"A China Forest Walking Video 4K - Jianmen Guan Forest - Walking Tour of Jianmen Pass, China - EP2",0.2630555555555555,XqurmLqYjM4
https://www.youtube.com/watch?v=hnT7wpkdSC8,9:37,Jianmen Guan Steep Climb Video 4K - Walking Tour of a Narrow Road: Jianmen Pass in China - EP1,0.1602777777777777,hnT7wpkdSC8
https://www.youtube.com/watch?v=7bftXcSjItI,16:29,Driving in SWISS  ( IBACH ) One of the most beautiful Village in Switzerland - 4K,0.2747222222222222,7bftXcSjItI
https://www.youtube.com/watch?v=B18CKQwn48Q,14:18,Driving in SWISS  ( Schwyz ) One of the most beautiful Village in Switzerland - 4K,0.2383333333333333,B18CKQwn48Q
https://www.youtube.com/watch?v=wWjGVckfSHY,17:56,"Driving in Swiss -( LÃ¼tisburg ,Station ) One of the most beautiful City in Switzerland 4K (2)",0.2988888888888888,wWjGVckfSHY
https://www.youtube.com/watch?v=ezHnSmkAGqs,10:20,Driving in Swiss -(ALT ST JOHANN) One of the most beautiful Village in Switzerland 4K,0.1722222222222222,ezHnSmkAGqs
https://www.youtube.com/watch?v=GIHhfddfcqY,10:34,Driving from Germany To Swiss - Crossing the border from Germany to Switzerland,0.1761111111111111,GIHhfddfcqY
https://www.youtube.com/watch?v=Io2vay6jTc8,9:59,Driving in Swiss 4K - EMMETTEN  One of the most beautiful Vllage in Switzerland - 5,0.1663888888888889,Io2vay6jTc8
https://www.youtube.com/watch?v=VIabbeLpnFE,9:39,Driving in Swiss 4K - SASSI  KREUZ - One of the most beautiful Vllage in Switzerland -1,0.1608333333333333,VIabbeLpnFE
https://www.youtube.com/watch?v=siUuK91HTv0,12:29,Driving in Swiss 4K - EMMETTEN  One of the most beautiful Vllage in Switzerland - 4,0.2080555555555555,siUuK91HTv0
https://www.youtube.com/watch?v=9ridye7PV2E,13:49,Driving in Swiss - TRACHSLAU The Most Beautiful Village in Switzerland  - 2,0.2302777777777777,9ridye7PV2E
https://www.youtube.com/watch?v=_HzqNZ-bOkY,9:44,Driving in Swiss -  Winterthur The Most Beautiful City in Switzerland -3,0.1622222222222222,_HzqNZ-bOkY
https://www.youtube.com/watch?v=HySVWWp7RwQ,13:24,Switzerland -ZURICH - One of The Most Beautiful City in Swiss - 4K _ 3,0.2233333333333333,HySVWWp7RwQ
https://www.youtube.com/watch?v=XEslE43NUYM,4:50,4KðŸ‡¨ðŸ‡­SwitzerlandðŸ‡¨ðŸ‡­â€FlaachðŸ‡¨ðŸ‡­The Most Beautiful Village in Swiss,0.0805555555555555,XEslE43NUYM
https://www.youtube.com/watch?v=sz2vOUKEVmc,3:18,Swiss ðŸ‡¨ðŸ‡­WeesenðŸ‡¨ðŸ‡­One of the Most Beautiful Villages in Switzerland,0.055,sz2vOUKEVmc
