video_url,duration,description,hours,id,video_path,success,num_frames,height,width,aspect_ratio,resolution,csv_ori
https://www.youtube.com/watch?v=l1DdH1471JM,15:49,NEW $377k+ Affordable Modern House Tour Near Dallas Texas | Texas Real Estate,0.2636111111111111,l1DdH1471JM,/share/wjh/raw_videos/total_done_sample_apd_1/l1DdH1471JM.webm,False,0,0,0,,,total_done_sample_200_147
https://www.youtube.com/watch?v=8hhHpTPiowg,1:07:07,"Evening Walk in Tokyo Setagaya, Japan ‚Ä¢ 4K HDR",1.1186111111111112,8hhHpTPiowg,/share/wjh/raw_videos/total_done_sample_apd_1/8hhHpTPiowg.webm,False,0,0,0,,,total_done_sample_200_34
https://www.youtube.com/watch?v=Q3reOS7iEGY,29:17,"üá®üá≠ TOP PLACES IN SWITZERLAND, BRIENZ : The Swiss Alps' Best-Kept Secret, Relaxing walking tour, 4K",0.4880555555555556,Q3reOS7iEGY,/share/wjh/raw_videos/total_done_sample_apd_1/Q3reOS7iEGY.webm,False,0,0,0,,,total_done_sample_200_37
https://www.youtube.com/watch?v=MLSEUYyRWEo,35:47,Chicago Riverwalk Stroll on Labor Day Weekend | 4K HDR,0.596388888888889,MLSEUYyRWEo,/share/wjh/raw_videos/total_done_sample_apd_1/MLSEUYyRWEo.webm,False,0,0,0,,,total_done_sample_200_37
https://www.youtube.com/watch?v=ITrVffCMXDo,32:34,New York 4k - Walking 42nd Street NYC,0.5427777777777778,ITrVffCMXDo,/share/wjh/raw_videos/total_done_sample_apd_1/ITrVffCMXDo.webm,False,0,0,0,,,total_done_sample_200_25
https://www.youtube.com/watch?v=opDh6R0hQ0o,3:12:28,4K HDR Relaxing Walk in the Woods - Sunny Day in Elm Forest + Nature Sounds & Gentle Piano Music,3.207777777777778,opDh6R0hQ0o,/share/wjh/raw_videos/total_done_sample_apd_1/opDh6R0hQ0o.webm,False,0,0,0,,,total_done_sample_200_133
https://www.youtube.com/watch?v=D6_AUrDqSok,1:17:06,Tokyo Japan - Kameido to SkyTree Evening Walk ‚Ä¢ 4K HDR,1.285,D6_AUrDqSok,/share/wjh/raw_videos/total_done_sample_apd_1/D6_AUrDqSok.webm,False,0,0,0,,,total_done_sample_200_133
https://www.youtube.com/watch?v=189VbwPjnfU,22:03,GRINDELWALD Switzerlandüá®üá≠Most Amazing Swiss Village In Winter ‚ùÑÔ∏è SWISS Valley,0.3675,189VbwPjnfU,/share/wjh/raw_videos/total_done_sample_apd_1/189VbwPjnfU.webm,False,0,0,0,,,total_done_sample_200_131
https://www.youtube.com/watch?v=8OT3NMUXlvc,1:15:51,Late night rain walk around Suburbs of Southern Tokyo ‚Ä¢ 4K HDR,1.2641666666666669,8OT3NMUXlvc,/share/wjh/raw_videos/total_done_sample_apd_1/8OT3NMUXlvc.webm,False,0,0,0,,,total_done_sample_200_131
https://www.youtube.com/watch?v=5yz9gLOFhoc,7:24,„Äê4K HDR„ÄëSuper Nintendo World at Universal Studios Japan - Osaka 2021,0.1233333333333333,5yz9gLOFhoc,/share/wjh/raw_videos/total_done_sample_apd_1/5yz9gLOFhoc.webm,False,0,0,0,,,total_done_sample_200_131
https://www.youtube.com/watch?v=Ab78G8VIW3U,1:21:31,Tokyo Rainy Night Walk - Yanaka-Ginza to Ueno ‚Ä¢ 4K HDR,1.3586111111111112,Ab78G8VIW3U,/share/wjh/raw_videos/total_done_sample_apd_1/Ab78G8VIW3U.webm,False,0,0,0,,,total_done_sample_200_29
https://www.youtube.com/watch?v=JeTDOCknuCg,23:04,"Lucerne , City in Switzerland 4k | Christmas Market in Luzern _ Pilatus !",0.3844444444444445,JeTDOCknuCg,/share/wjh/raw_videos/total_done_sample_apd_1/JeTDOCknuCg.webm,False,0,0,0,,,total_done_sample_200_76
https://www.youtube.com/watch?v=rFcwx-sIMA8,1:01:36,"Japan evening walk in Shinjuku, Tokyo ‚Ä¢ 4K HDR",1.0266666666666666,rFcwx-sIMA8,/share/wjh/raw_videos/total_done_sample_apd_1/rFcwx-sIMA8.webm,False,0,0,0,,,total_done_sample_200_27
https://www.youtube.com/watch?v=wJYEmRVwnkA,1:04:50,Japan: Tokyo Azumabashi to Kyojima Night Walk ‚Ä¢ 4K HDR,1.0805555555555555,wJYEmRVwnkA,/share/wjh/raw_videos/total_done_sample_apd_1/wJYEmRVwnkA.webm,False,0,0,0,,,total_done_sample_200_36
https://www.youtube.com/watch?v=8zTSFR8c7fg,55:47,Japan - Tokyo Toyocho Late Afternoon Walk to Night ‚Ä¢ 4K HDR,0.9297222222222222,8zTSFR8c7fg,/share/wjh/raw_videos/total_done_sample_apd_1/8zTSFR8c7fg.webm,False,0,0,0,,,total_done_sample_200_36
https://www.youtube.com/watch?v=znrNrus57KI,1:31:23,üá≠üá∞ Night Walk in Hong Kong: From Central to Tsim Sha Tsui Ferry Adventure | 4K HDR,1.5230555555555556,znrNrus57KI,/share/wjh/raw_videos/total_done_sample_apd_1/znrNrus57KI.webm,False,0,0,0,,,total_done_sample_200_30
https://www.youtube.com/watch?v=xfRe0uTun4k,31:01,HOUSE TOUR | Inside Alex Bass' 800-Square Foot New York Apartment,0.5169444444444445,xfRe0uTun4k,/share/wjh/raw_videos/total_done_sample_apd_1/xfRe0uTun4k.webm,False,0,0,0,,,total_done_sample_200_30
https://www.youtube.com/watch?v=SMJnVkeQxHk,1:17:31,"Tokyo Shinjuku Heavy Rain Night Walk, Japan ‚Ä¢ 4K HDR",1.2919444444444443,SMJnVkeQxHk,/share/wjh/raw_videos/total_done_sample_apd_1/SMJnVkeQxHk.webm,False,0,0,0,,,total_done_sample_200_144
https://www.youtube.com/watch?v=9ewGKVkGT9M,42:45,ÊëÑÂΩ±Â§©Â†ÇÊñ∞ÈÉΩÊ°• - Â∑ùËóèÁ∫øÁæéÂ¶ÇËØóÁîªÁöÑ‰∏ñÂ§ñÊ°ÉÊ∫ê - 318ÂõΩÈÅì4KÈ©æËΩ¶‰πãÊóÖ,0.7124999999999999,9ewGKVkGT9M,/share/wjh/raw_videos/total_done_sample_apd_1/9ewGKVkGT9M.webm,False,0,0,0,,,total_done_sample_200_144
https://www.youtube.com/watch?v=g5iCPK3rH74,1:03:41,"Tokyo Summer Evening Walk in Ota-ku, Japan ‚Ä¢ 4K HDR",1.061388888888889,g5iCPK3rH74,/share/wjh/raw_videos/total_done_sample_apd_1/g5iCPK3rH74.webm,False,0,0,0,,,total_done_sample_200_115
https://www.youtube.com/watch?v=6lwgG2tqcbs,38:58,Japan - Tokyo Kameido evening walk ‚Ä¢ 4K HDR,0.6494444444444444,6lwgG2tqcbs,/share/wjh/raw_videos/total_done_sample_apd_1/6lwgG2tqcbs.webm,False,0,0,0,,,total_done_sample_200_115
https://www.youtube.com/watch?v=OjC8HBz2e4c,1:26:16,Japan: Suburban South Tokyo Evening Walk ‚Ä¢ 4K HDR,1.4377777777777778,OjC8HBz2e4c,/share/wjh/raw_videos/total_done_sample_apd_1/OjC8HBz2e4c.webm,False,0,0,0,,,total_done_sample_200_21
https://www.youtube.com/watch?v=aqO3T_Arbkc,36:28,Autumn Walk Through American Neighborhoods with Halloween Decor | Nature Sounds for Sleep and Study,0.6077777777777778,aqO3T_Arbkc,/share/wjh/raw_videos/total_done_sample_apd_1/aqO3T_Arbkc.webm,False,0,0,0,,,total_done_sample_200_51
https://www.youtube.com/watch?v=ypx6FJpDDdY,1:05:48,"Tokyo Japan - Shibuya, Harajuku 1 hour walking tour (4K HDR Remaster)",1.096666666666667,ypx6FJpDDdY,/share/wjh/raw_videos/total_done_sample_apd_1/ypx6FJpDDdY.webm,False,0,0,0,,,total_done_sample_200_119
https://www.youtube.com/watch?v=SgT0qO1w_H8,1:10:07,4K HDR // Osaka Sakura River Walk,1.1686111111111113,SgT0qO1w_H8,/share/wjh/raw_videos/total_done_sample_apd_1/SgT0qO1w_H8.webm,False,0,0,0,,,total_done_sample_200_119
https://www.youtube.com/watch?v=LXP_7oM_PKA,1:14:40,"Tokyo Oimachi Night Walk, Japan | Summer 2024 ‚Ä¢ 4K HDR",1.2444444444444445,LXP_7oM_PKA,/share/wjh/raw_videos/total_done_sample_apd_1/LXP_7oM_PKA.webm,False,0,0,0,,,total_done_sample_200_119
https://www.youtube.com/watch?v=AUdYT_OjZm0,20:45,Surviving Norway‚Äôs Heaviest Snowstorm üö® | 4K HDR Adventure,0.3458333333333333,AUdYT_OjZm0,/share/wjh/raw_videos/total_done_sample_apd_1/AUdYT_OjZm0.webm,False,0,0,0,,,total_done_sample_200_142
https://www.youtube.com/watch?v=q909S-nWYEg,54:07,Evening Stroll from Insadong to Jongno Street | Seoul‚Äôs Night Lights & Hidden Gems 4K HDR,0.9019444444444444,q909S-nWYEg,/share/wjh/raw_videos/total_done_sample_apd_1/q909S-nWYEg.webm,False,0,0,0,,,total_done_sample_200_135
https://www.youtube.com/watch?v=6TNV8JBBhyM,59:51,"Tokyo Shinagawa Evening Walk, Japan | Summer 2024 ‚Ä¢ 4K HDR",0.9975,6TNV8JBBhyM,/share/wjh/raw_videos/total_done_sample_apd_1/6TNV8JBBhyM.webm,False,0,0,0,,,total_done_sample_200_56
https://www.youtube.com/watch?v=aGhjH_GZt9c,58:19,One Of The Most Beautiful Neighborhoods In New York City - Whitestone Queens Virtual Tour,0.9719444444444444,aGhjH_GZt9c,/share/wjh/raw_videos/total_done_sample_apd_1/aGhjH_GZt9c.webm,False,0,0,0,,,total_done_sample_200_56
https://www.youtube.com/watch?v=G6XYwB-mWu0,1:16:56,"Tokyo day to night walk in Meguro, Japan ‚Ä¢ 4K HDR",1.2822222222222222,G6XYwB-mWu0,/share/wjh/raw_videos/total_done_sample_apd_1/G6XYwB-mWu0.webm,False,0,0,0,,,total_done_sample_200_23
https://www.youtube.com/watch?v=UN-TUuMKhFc,57:43,"Osaka Umeda Morning Walk, Japan ‚Ä¢ 4K HDR",0.9619444444444444,UN-TUuMKhFc,/share/wjh/raw_videos/total_done_sample_apd_1/UN-TUuMKhFc.webm,False,0,0,0,,,total_done_sample_200_23
https://www.youtube.com/watch?v=V-q8Hn_6vHY,1:02:33,"Suburban Tokyo Afternoon Walk in Y≈çga, Japan ‚Ä¢ 4K HDR",1.0425000000000002,V-q8Hn_6vHY,/share/wjh/raw_videos/total_done_sample_apd_1/V-q8Hn_6vHY.webm,False,0,0,0,,,total_done_sample_200_23
https://www.youtube.com/watch?v=r6StyOLjsdA,1:01:07,"Tokyo Shibuya Evening Walk, Japan ‚Ä¢ 4K HDR",1.0186111111111111,r6StyOLjsdA,/share/wjh/raw_videos/total_done_sample_apd_1/r6StyOLjsdA.webm,False,0,0,0,,,total_done_sample_200_59
https://www.youtube.com/watch?v=lDRrtXhpAT4,55:21,"Rainy day walk in Kamakura, Kanagawa, Japan ‚Ä¢ 4K HDR",0.9225,lDRrtXhpAT4,/share/wjh/raw_videos/total_done_sample_apd_1/lDRrtXhpAT4.webm,False,0,0,0,,,total_done_sample_200_59
https://www.youtube.com/watch?v=hNscH7F2zSg,1:00:30,"Evening Walk in Tokyo Odaiba, Japan ‚Ä¢ 4K HDR",1.0083333333333333,hNscH7F2zSg,/share/wjh/raw_videos/total_done_sample_apd_1/hNscH7F2zSg.webm,False,0,0,0,,,total_done_sample_200_64
https://www.youtube.com/watch?v=xSy7NeaB-Ds,35:23,Japan after dark - Tokyo Kanda walking tour ‚Ä¢ 4K HDR,0.5897222222222223,xSy7NeaB-Ds,/share/wjh/raw_videos/total_done_sample_apd_1/xSy7NeaB-Ds.webm,False,0,0,0,,,total_done_sample_200_64
https://www.youtube.com/watch?v=MOzAy6VKwOk,1:18:30,Frozen City: A Winter Night Walk Through Icy Streets | Ambience Sounds 4K HDR,1.3083333333333331,MOzAy6VKwOk,/share/wjh/raw_videos/total_done_sample_apd_1/MOzAy6VKwOk.webm,False,0,0,0,,,total_done_sample_200_64
https://www.youtube.com/watch?v=u_5wLvlRhc0,3:18:47,"3 Hours of Rainy Night Walk in Tokyo, Japan ‚Ä¢ 4K HDR",3.313055555555555,u_5wLvlRhc0,/share/wjh/raw_videos/total_done_sample_apd_1/u_5wLvlRhc0.webm,False,0,0,0,,,total_done_sample_200_58
https://www.youtube.com/watch?v=UzXH5bYH2Dg,1:20:06,‰∏≠ÂõΩÊùëÂ∫ÑÊ≠•Ë°åÔºåÊ¢ØÁî∞‰∏ä‰º†ÁªüÊùëÂØ®ÁöÑÁîüÊ¥ªÔºåË¥µÂ∑ûÁôΩÂ≤©Êùë„Éª4K,1.335,UzXH5bYH2Dg,/share/wjh/raw_videos/total_done_sample_apd_1/UzXH5bYH2Dg.webm,False,0,0,0,,,total_done_sample_200_58
https://www.youtube.com/watch?v=egFIMPY6nWA,36:53,Cherry Blossom Seoul 2023 Gyeongui Line Forest Park | Travel Korea 4K HDR,0.6147222222222222,egFIMPY6nWA,/share/wjh/raw_videos/total_done_sample_apd_1/egFIMPY6nWA.webm,False,0,0,0,,,total_done_sample_200_7
https://www.youtube.com/watch?v=Pp-3NW7x_sQ,24:03,ÈõÖË•øÈ´òÈÄüÊúÄ‰ª§‰∫∫ÊÉäÂèπÁöÑË∑ØÊÆµ - È¢ÜÁï•Ê≥•Â∑¥Â±±ÈößÈÅì‰∏§Â§¥ÁöÑÈò¥Èò≥‰∏§ÈáçÂ§©,0.4008333333333334,Pp-3NW7x_sQ,/share/wjh/raw_videos/total_done_sample_apd_1/Pp-3NW7x_sQ.webm,False,0,0,0,,,total_done_sample_200_74
https://www.youtube.com/watch?v=JXFoWiFyVgc,1:01:13,"Japan - Kamakura Walking Tour, Summer 2024 ‚Ä¢ 4K HDR",1.0202777777777776,JXFoWiFyVgc,/share/wjh/raw_videos/total_done_sample_apd_1/JXFoWiFyVgc.webm,False,0,0,0,,,total_done_sample_200_57
https://www.youtube.com/watch?v=Sh7rd_9VwrY,1:03:50,Tokyo Autumn Night Walk | Shinjuku Christmas Lights 2023 ‚Ä¢ 4K HDR,1.0638888888888889,Sh7rd_9VwrY,/share/wjh/raw_videos/total_done_sample_apd_1/Sh7rd_9VwrY.webm,False,0,0,0,,,total_done_sample_200_22
https://www.youtube.com/watch?v=77cK20TZ7pU,53:09,"Tokyo Asakusa, Kappabashi Shopping St Walking Tour ‚Ä¢ 4K HDR",0.8858333333333333,77cK20TZ7pU,/share/wjh/raw_videos/total_done_sample_apd_1/77cK20TZ7pU.webm,False,0,0,0,,,total_done_sample_200_136
https://www.youtube.com/watch?v=GIUAgZ1tC_Q,49:33,Walk Along The Stone Wall Of Gyeongbokgung Palace And Autumn Leaves | Seoul Travel 4K HDR,0.8258333333333333,GIUAgZ1tC_Q,/share/wjh/raw_videos/total_done_sample_apd_1/GIUAgZ1tC_Q.webm,False,0,0,0,,,total_done_sample_200_136
https://www.youtube.com/watch?v=Tbu1a9pKIsU,1:33:01,Tokyo Japan - Shinjuku Snowy Night Walk ‚Ä¢ 4K HDR,1.550277777777778,Tbu1a9pKIsU,/share/wjh/raw_videos/total_done_sample_apd_1/Tbu1a9pKIsU.webm,False,0,0,0,,,total_done_sample_200_54
https://www.youtube.com/watch?v=cwO-3DbJsXw,26:24,INSIDE AN IMPRESSIVE LUXURY HOME FOR SALE W/ A MASSIVE PANTRY | $4M,0.44,cwO-3DbJsXw,/share/wjh/raw_videos/total_done_sample_apd_1/cwO-3DbJsXw.webm,False,0,0,0,,,total_done_sample_200_118
https://www.youtube.com/watch?v=Vu8TjX3lu0g,1:01:34,"Tokyo Night Walk in Chuo City, Japan ‚Ä¢ 4K HDR",1.026111111111111,Vu8TjX3lu0g,/share/wjh/raw_videos/total_done_sample_apd_1/Vu8TjX3lu0g.webm,False,0,0,0,,,total_done_sample_200_145
https://www.youtube.com/watch?v=OkHHgQM_k0U,1:08:41,"Kyoto Arashiyama Bamboo Forest Walk, Japan ‚Ä¢ 4K HDR",1.1447222222222222,OkHHgQM_k0U,/share/wjh/raw_videos/total_done_sample_apd_1/OkHHgQM_k0U.webm,False,0,0,0,,,total_done_sample_200_145
https://www.youtube.com/watch?v=O-9ceq2gFsw,1:02:10,Tokyo Shimoigusa walk from Sunset to Nightfall ‚Ä¢ 4K HDR,1.0361111111111112,O-9ceq2gFsw,/share/wjh/raw_videos/total_done_sample_apd_1/O-9ceq2gFsw.webm,False,0,0,0,,,total_done_sample_200_145
https://www.youtube.com/watch?v=lYCnihpVEoY,35:42,Liverpool City üá¨üáß | Walking City Tour - 4K HDR,0.5950000000000001,lYCnihpVEoY,/share/wjh/raw_videos/total_done_sample_apd_1/lYCnihpVEoY.webm,False,0,0,0,,,total_done_sample_200_145
https://www.youtube.com/watch?v=zJGlKWenpqk,22:27,Â§©Â†ÇËà¨ÁöÑÁëûÂ£´üá®üá≠Ë°åËµ∞Âú®Ê∞¥ÊûúÂ§©Â†ÇÔºÅ Kartause Ittingen _ ÂõæÂ∞îÈ´òÂ∑û,0.3741666666666666,zJGlKWenpqk,/share/wjh/raw_videos/total_done_sample_apd_1/zJGlKWenpqk.webm,False,0,0,0,,,total_done_sample_200_138
https://www.youtube.com/watch?v=jzyDNKRwSkw,1:10:01,"Japan: Tokyo Asakusa, Misuji Night Walk | Summer 2024 ‚Ä¢ 4K HDR",1.1669444444444446,jzyDNKRwSkw,/share/wjh/raw_videos/total_done_sample_apd_1/jzyDNKRwSkw.webm,False,0,0,0,,,total_done_sample_200_138
https://www.youtube.com/watch?v=okM468r2ExQ,16:24,INSIDE A $1.6M Modern Luxury House Tour In Dallas Texas | Texas Real Estate,0.2733333333333333,okM468r2ExQ,/share/wjh/raw_videos/total_done_sample_apd_1/okM468r2ExQ.webm,False,0,0,0,,,total_done_sample_200_38
https://www.youtube.com/watch?v=njQfU_JNPBE,36:53,„Äê4K HDR„ÄëNight Walk by Shinjuku Government Building(Êñ∞ÂÆøÊï£Ê≠©) - Japan Walking Tour,0.6147222222222222,njQfU_JNPBE,/share/wjh/raw_videos/total_done_sample_apd_1/njQfU_JNPBE.webm,False,0,0,0,,,total_done_sample_200_137
https://www.youtube.com/watch?v=NmpgWStnATo,1:01:55,Tokyo Fireworks - Katsushika Noryo Fireworks Festival // 4K HDR (recorded live),1.0319444444444443,NmpgWStnATo,/share/wjh/raw_videos/total_done_sample_apd_1/NmpgWStnATo.mp4,False,0,0,0,,,total_done_sample_200_137
https://www.youtube.com/watch?v=yihUGo_JmQI,5:15,"„Äê4K HDR„ÄëTokyo Cherry Blossoms - Night Sakura in Shibuya, Japan",0.0875,yihUGo_JmQI,/share/wjh/raw_videos/total_done_sample_apd_1/yihUGo_JmQI.webm,False,0,0,0,,,total_done_sample_200_137
https://www.youtube.com/watch?v=UW7TIV-AHDs,1:49:20,DRIVING IN SWISS  - 10  BEST PLACES  TO VISIT IN SWITZERLAND - 4K   (6),1.8222222222222224,UW7TIV-AHDs,/share/wjh/raw_videos/total_done_sample_500_3/UW7TIV-AHDs.webm,False,0,0,0,,,total_done_sample_500_3
https://www.youtube.com/watch?v=l_IELqhmNIg,54:14,Tokyo Japan - Shibuya evening walk ‚Ä¢ 4K HDR,0.903888888888889,l_IELqhmNIg,/share/wjh/raw_videos/total_done_sample_apd_1/l_IELqhmNIg.webm,False,0,0,0,,,total_done_sample_200_24
https://www.youtube.com/watch?v=m5W2XMu69Cg,48:09,Downtown Chicago Walking Tour | 4K HDR,0.8025,m5W2XMu69Cg,/share/wjh/raw_videos/total_done_sample_apd_1/m5W2XMu69Cg.webm,False,0,0,0,,,total_done_sample_200_24
https://www.youtube.com/watch?v=S0eJcGdi5v0,20:31,NEW LUXURY 2024 MODEL HOUSE TOUR NEAR DALLAS TEXAS!,0.3419444444444444,S0eJcGdi5v0,/share/wjh/raw_videos/total_done_sample_apd_1/S0eJcGdi5v0.webm,False,0,0,0,,,total_done_sample_200_24
https://www.youtube.com/watch?v=91ks5ZofWiI,51:58,8K HDR Exploring Redwood Forest during Treadmill Workout - Hiking the Grove of Titans Trail - Part 3,0.866111111111111,91ks5ZofWiI,/share/wjh/raw_videos/total_done_sample_apd_1/91ks5ZofWiI.mp4,False,0,0,0,,,total_done_sample_200_75
https://www.youtube.com/watch?v=fIc33kaN2M8,1:25:10,Seoul Solo Travel from Gangnam Daechi to Yangjae | Korea Travel 4K HDR,1.4194444444444445,fIc33kaN2M8,/share/wjh/raw_videos/total_done_sample_apd_1/fIc33kaN2M8.webm,False,0,0,0,,,total_done_sample_200
https://www.youtube.com/watch?v=e0_zQrxJOCs,1:31:37,„Äê4K HDR„ÄëShibuya Halloween 2021 - Back to Normal?,1.5269444444444444,e0_zQrxJOCs,/share/wjh/raw_videos/total_done_sample_apd_1/e0_zQrxJOCs.webm,False,0,0,0,,,total_done_sample_200
https://www.youtube.com/watch?v=Evquyb0svAE,42:42,Tokyo Christmas Lights 2023 - MEGA ILLUMINATIONS // 4K HDR  Spatial Audio,0.7116666666666667,Evquyb0svAE,/share/wjh/raw_videos/total_done_sample_apd_1/Evquyb0svAE.webm,False,0,0,0,,,total_done_sample_200
https://www.youtube.com/watch?v=QLxPDpINUlk,33:02,"A Walk Down the Magnificent Mile, Chicago | 4K HDR",0.5505555555555556,QLxPDpINUlk,/share/wjh/raw_videos/total_done_sample_apd_1/QLxPDpINUlk.webm,False,0,0,0,,,total_done_sample_200
https://www.youtube.com/watch?v=wAV-LeBwJBM,1:00:51,"Tokyo Evening Walk From Marunouchi to Shiodome, Japan ‚Ä¢ 4K HDR",1.0141666666666669,wAV-LeBwJBM,/share/wjh/raw_videos/total_done_sample_apd_1/wAV-LeBwJBM.webm,False,0,0,0,,,total_done_sample_200_55
https://www.youtube.com/watch?v=o4gEKZzUTUg,41:40,4k Walk 34th Street New York City Usa Travel Vlog 4k Video,0.6944444444444444,o4gEKZzUTUg,/share/wjh/raw_videos/total_done_sample_apd_1/o4gEKZzUTUg.webm,False,0,0,0,,,total_done_sample_200_55
https://www.youtube.com/watch?v=nvrTilkess8,1:26:53,ÂêçÂè§Â±ã ÈæüÂ≤õ Êï£Ê≠•ÔºåÊó•Êú¨ [4K HDR],1.4480555555555557,nvrTilkess8,/share/wjh/raw_videos/total_done_sample_apd_1/nvrTilkess8.webm,False,0,0,0,,,total_done_sample_200_55
https://www.youtube.com/watch?v=vHryX9dVlxk,1:02:48,Nami Island Autumn Walking Tour and Beautiful Leaves | Travel Korea K-Drama 4K HDR,1.0466666666666669,vHryX9dVlxk,/share/wjh/raw_videos/total_done_sample_apd_1/vHryX9dVlxk.webm,False,0,0,0,,,total_done_sample_200_63
https://www.youtube.com/watch?v=u9h-OHNGjo0,36:26,New York Walking Tour 4k - Macy's to Bryant Park Christmas Season Has Begun,0.6072222222222222,u9h-OHNGjo0,/share/wjh/raw_videos/total_done_sample_apd_1/u9h-OHNGjo0.webm,False,0,0,0,,,total_done_sample_200_63
https://www.youtube.com/watch?v=U_4QApx99q4,1:20:26,Japan: Northern Tokyo Cherry Blossoms Illumination Walk | Latest DJI RS 4 Test ‚Ä¢ 4K HDR,1.3405555555555555,U_4QApx99q4,/share/wjh/raw_videos/total_done_sample_apd_1/U_4QApx99q4.webm,False,0,0,0,,,total_done_sample_200_71
https://www.youtube.com/watch?v=N-n3oFFPgNI,1:27:42,4K‰∏≠ÂõΩË°óÊôØÔΩú‰∏≠ÂõΩ‰∫∫ÂùáGDPÊúÄÈ´òÁöÑÂüéÂ∏Ç‰πã‰∏Ä-Ê±üËãèÁúÅÊó†Èî°Â∏Ç,1.461666666666667,N-n3oFFPgNI,/share/wjh/raw_videos/total_done_sample_apd_1/N-n3oFFPgNI.webm,False,0,0,0,,,total_done_sample_500_1
https://www.youtube.com/watch?v=tTLMcDgIie8,2:06:36,4K CABVIEW: Otherworldly sights on the mountain plateau,2.11,tTLMcDgIie8,/share/wjh/raw_videos/total_done_sample_500_1/tTLMcDgIie8.webm,False,0,0,0,,,total_done_sample_500_1
https://www.youtube.com/watch?v=WIstTCtAWTE,1:23:34,Japan: Kamakura Koshigoe Walk to Enoshima ‚Ä¢ 4K HDR,1.3927777777777777,WIstTCtAWTE,/share/wjh/raw_videos/total_done_sample_apd_1/WIstTCtAWTE.webm,False,0,0,0,,,total_done_sample_200_62
https://www.youtube.com/watch?v=KQ-Mm-O6EhI,1:04:26,‰∏ú‰∫¨ËÄÅÂüéÂå∫ÁöÑËìùÂ§©ÔºöÂÆåÁæéÁöÑ‰∏ÄÊó•Ê≠•Ë°å |Êó•Êú¨ | 4K/HDRÔºåÂ∏¶Âú∞ÂõæÂíåÂ≠óÂπï,1.073888888888889,KQ-Mm-O6EhI,/share/wjh/raw_videos/total_done_sample_apd_1/KQ-Mm-O6EhI.webm,False,0,0,0,,,total_done_sample_200_62
https://www.youtube.com/watch?v=UO9u24-EOEk,1:05:02,Japan - Kanagawa evening walk in Musashi-Kosugi ‚Ä¢ 4K HDR,1.083888888888889,UO9u24-EOEk,/share/wjh/raw_videos/total_done_sample_apd_1/UO9u24-EOEk.webm,False,0,0,0,,,total_done_sample_200_62
https://www.youtube.com/watch?v=qZYO66vLzpI,42:06,Relaxing Walk Through American Neighborhoods in Fall | Nature Sounds for Sleep and Study,0.7016666666666667,qZYO66vLzpI,/share/wjh/raw_videos/total_done_sample_apd_1/qZYO66vLzpI.webm,False,0,0,0,,,total_done_sample_200_62
https://www.youtube.com/watch?v=9XCQTeNjXKo,22:09,TOUR INSIDE A PRESTIGIOUS HOUSE FOR SALE W/ VAULTED CEILINGS | $3M,0.3691666666666666,9XCQTeNjXKo,/share/wjh/raw_videos/total_done_sample_apd_1/9XCQTeNjXKo.webm,False,0,0,0,,,total_done_sample_200_73
https://www.youtube.com/watch?v=HdG5ZGH2O9s,23:47,"‚á®üá≠ÁëûÂ£´Ëá™È©æÊ∏∏_ËãèÈªé‰∏ñÂà∞Hirzel, Horgen |ÁëûÂ£´È£éÊôØ",0.3963888888888889,HdG5ZGH2O9s,/share/wjh/raw_videos/total_done_sample_apd_1/HdG5ZGH2O9s.webm,False,0,0,0,,,total_done_sample_200_73
https://www.youtube.com/watch?v=YBXWgnT8ibQ,38:18,4K HDR Hidden waterfall in the mountains Japan - Nature Sounds,0.6383333333333333,YBXWgnT8ibQ,/share/wjh/raw_videos/total_done_sample_apd_1/YBXWgnT8ibQ.webm,False,0,0,0,,,total_done_sample_200_28
https://www.youtube.com/watch?v=nYn2_mt4wIQ,18:47,INSIDE A BREATHTAKING LUXURY MASTERPIECE HOUSE TOUR NEAR DALLAS TEXAS!,0.3130555555555555,nYn2_mt4wIQ,/share/wjh/raw_videos/total_done_sample_apd_1/nYn2_mt4wIQ.webm,False,0,0,0,,,total_done_sample_200_28
https://www.youtube.com/watch?v=eCNLQGsIoAE,33:48,„Äê4K HDR„ÄëWalk in Kyoto Kifune Shrine (‰∫¨ÈÉΩÊï£Ê≠©) - Summer 2020,0.5633333333333334,eCNLQGsIoAE,/share/wjh/raw_videos/total_done_sample_apd_1/eCNLQGsIoAE.mp4,False,0,0,0,,,total_done_sample_200_28
https://www.youtube.com/watch?v=opRHWdcjEnE,1:07:45,Snowy Morning Walk at Changdeokgung Palace Winter Stroll in Seoul | 4K HDR,1.1291666666666669,opRHWdcjEnE,/share/wjh/raw_videos/total_done_sample_apd_1/opRHWdcjEnE.webm,False,0,0,0,,,total_done_sample_200_28
https://www.youtube.com/watch?v=Q2_S6bKrc64,1:15:25,"Tokyo Harumi Night Walk, Japan ‚Ä¢ 4K HDR",1.2569444444444444,Q2_S6bKrc64,/share/wjh/raw_videos/total_done_sample_apd_1/Q2_S6bKrc64.webm,False,0,0,0,,,total_done_sample_200_116
https://www.youtube.com/watch?v=B6QTKQPhQpM,1:52:29,‰∏ú‰∫¨ Ëã•Âè∂ Êï£Ê≠• [4K HDR],1.8747222222222224,B6QTKQPhQpM,/share/wjh/raw_videos/total_done_sample_apd_1/B6QTKQPhQpM.webm,False,0,0,0,,,total_done_sample_200_72
https://www.youtube.com/watch?v=asximPRW3MM,29:43,„Äê4K HDR„ÄëTokyo Japan - Meguro River Cherry Blossoms Evening Walk Tour,0.4952777777777777,asximPRW3MM,/share/wjh/raw_videos/total_done_sample_apd_1/asximPRW3MM.webm,False,0,0,0,,,total_done_sample_200_72
https://www.youtube.com/watch?v=-O2yHsMQSbE,1:06:10,"Tokyo Omorihoncho Evening Walk, Japan ‚Ä¢ 4K HDR",1.102777777777778,-O2yHsMQSbE,/share/wjh/raw_videos/total_done_sample_apd_1/-O2yHsMQSbE.webm,False,0,0,0,,,total_done_sample_200_72
https://www.youtube.com/watch?v=fk1PfzBgWPQ,55:07,Japan - Tokyo Minato Night Walk ‚Ä¢ 4K HDR,0.918611111111111,fk1PfzBgWPQ,/share/wjh/raw_videos/total_done_sample_apd_1/fk1PfzBgWPQ.webm,False,0,0,0,,,total_done_sample_200_72
https://www.youtube.com/watch?v=EjY-tILXJCU,1:07:43,Tokyo Japan - Shinjuku Summer Night Walk 2024 ‚Ä¢ 4K HDR,1.1286111111111112,EjY-tILXJCU,/share/wjh/raw_videos/total_done_sample_apd_1/EjY-tILXJCU.webm,False,0,0,0,,,total_done_sample_200_72
https://www.youtube.com/watch?v=HOJcSfyv0Hs,56:28,"Summer night walk in Shibuya, Tokyo Japan ‚Ä¢ 4K HDR",0.9411111111111112,HOJcSfyv0Hs,/share/wjh/raw_videos/total_done_sample_apd_1/HOJcSfyv0Hs.webm,False,0,0,0,,,total_done_sample_200_39
https://www.youtube.com/watch?v=dQ-jk2Qw-cw,1:03:09,‰∏≠ÂõΩÁöÑÁ∫ΩÁ∫¶‰∏≠Â§ÆËä±Âõ≠ÔºüÊº´Ê≠•ÂπøÂ∑ûËä±ÂüéÂπøÂú∫‰∏éÊµ∑ÂøÉÊ°• | Âπø‰∏ú ÂπøÂ∑û | 4K Ê≤âÊµ∏Âºè POV ‰∫ëÊóÖË°å | China Walking Tour Êº´Ê∏∏‰∏≠ÂõΩ,1.0525,dQ-jk2Qw-cw,/share/wjh/raw_videos/total_done_sample_apd_1/dQ-jk2Qw-cw.webm,False,0,0,0,,,total_done_sample_200_39
https://www.youtube.com/watch?v=dNTlh-ACDhQ,1:08:31,A Quiet City Awakening: Downtown Vancouver Walk in Gentle Rain and Snowfall | 4K HDR,1.1419444444444444,dNTlh-ACDhQ,/share/wjh/raw_videos/total_done_sample_apd_1/dNTlh-ACDhQ.webm,False,0,0,0,,,total_done_sample_200_129
https://www.youtube.com/watch?v=P04umv_XNIQ,51:11,"Japan 1hr evening walk in Kamata, Tokyo ‚Ä¢ 4K HDR",0.8530555555555556,P04umv_XNIQ,/share/wjh/raw_videos/total_done_sample_apd_1/P04umv_XNIQ.webm,False,0,0,0,,,total_done_sample_200_129
https://www.youtube.com/watch?v=xeBdXOWsrgA,1:19:51,"Tokyo Akihabara to Tokyo Station Evening Walk, Japan ‚Ä¢ 4K HDR",1.330833333333333,xeBdXOWsrgA,/share/wjh/raw_videos/total_done_sample_apd_1/xeBdXOWsrgA.webm,False,0,0,0,,,total_done_sample_200_129
https://www.youtube.com/watch?v=mnK7UVhvrz8,1:03:44,"Japan autumn night walk in Shinjuku, Tokyo ‚Ä¢ 4K HDR",1.0622222222222222,mnK7UVhvrz8,/share/wjh/raw_videos/total_done_sample_apd_1/mnK7UVhvrz8.webm,False,0,0,0,,,total_done_sample_200_129
https://www.youtube.com/watch?v=g_Cx8rhxxC0,1:20:36,"Suburban Tokyo - Evening Walk in Futako-Tamagawa, Japan ‚Ä¢ 4K HDR",1.3433333333333333,g_Cx8rhxxC0,/share/wjh/raw_videos/total_done_sample_apd_1/g_Cx8rhxxC0.webm,False,0,0,0,,,total_done_sample_200_129
https://www.youtube.com/watch?v=0m-LlbKNYC4,1:16:33,NYC Snowfall Walking Tour 2024 4k Video - Relaxing Walk Crunching Snow Sound Asmr For Sleep,1.2758333333333334,0m-LlbKNYC4,/share/wjh/raw_videos/total_done_sample_apd_1/0m-LlbKNYC4.webm,False,0,0,0,,,total_done_sample_200_140
https://www.youtube.com/watch?v=628-8zR_f2E,21:00,BREATHTAKING ULTRA LUXURY HOUSE TOUR IN FRISCO TEXAS WITH POOL | Texas Real Estate,0.35,628-8zR_f2E,/share/wjh/raw_videos/total_done_sample_apd_1/628-8zR_f2E.webm,False,0,0,0,,,total_done_sample_200_140
https://www.youtube.com/watch?v=hgku08S7YRQ,1:04:04,NYC Christmas Walk 2024 - 5th Avenue Christmas Decoration Rockefeller Center Saks,1.0677777777777775,hgku08S7YRQ,/share/wjh/raw_videos/total_done_sample_apd_1/hgku08S7YRQ.webm,False,0,0,0,,,total_done_sample_200_114
https://www.youtube.com/watch?v=bttnThsaq6w,50:03,Walking in Leuven: The Students City - Belgium 2023 - 4K HDR,0.8341666666666667,bttnThsaq6w,/share/wjh/raw_videos/total_done_sample_apd_1/bttnThsaq6w.webm,False,0,0,0,,,total_done_sample_200_40
https://www.youtube.com/watch?v=2qSkrqZolnk,50:41,Japan - Tokyo Musashi-Koyama evening walk ‚Ä¢ 4K HDR,0.8447222222222223,2qSkrqZolnk,/share/wjh/raw_videos/total_done_sample_apd_1/2qSkrqZolnk.webm,False,0,0,0,,,total_done_sample_200_52
https://www.youtube.com/watch?v=YQ8mU8tuGc0,1:07:35,Christmas In New York City ‚ú® Manhattan Holiday Season üéÅ Walking Tour 4K,1.1263888888888889,YQ8mU8tuGc0,/share/wjh/raw_videos/total_done_sample_apd_1/YQ8mU8tuGc0.webm,False,0,0,0,,,total_done_sample_200_52
